SF,direction,SF1
Aber_railway_station,SW,Castell_Coch
Aber_railway_station,SW,Creigiau_railway_station
Aber_railway_station,W,Church_Village
Aber_railway_station,W,Church_Village_Halt_railway_station
Aber_railway_station,W,Efail_Isaf_railway_station
Aber_railway_station,SW,Electricity_Sub_Station
Aber_railway_station,SW,Chris_Leach_&_Associates_Ltd
Aber_railway_station,SW,Garth_Olwg
Aber_railway_station,S,H_T_Fox_Roofing_&_Leadwork
Aber_railway_station,SW,Devine_Wines_Ltd
Aber_railway_station,SE,St_Isan
Aber_railway_station,SW,Tumulus
Aber_railway_station,S,S-G_Recruitment_Services
Aber_railway_station,SW,Ynys_Bridge
Aber_railway_station,SW,Quarry_Disused
Aberaman_railway_station,NW,Aberdare_Low_Level_railway_station
Aberaman_railway_station,SE,Sardis_Road
Aberbargoed_Hospital,NW,Aber_Bargoed_railway_station
Aberbargoed_Hospital,E,Argoed_railway_station
Aberbargoed_Hospital,W,Bargoed_railway_station
Abercarn_railway_station,S,Cefn_Onn_Halt_railway_station
Abercarn_railway_station,W,Abercynon_North_railway_station
Abercarn_railway_station,W,Abercynon_railway_station
Abercarn_railway_station,W,Cilfynydd
Abercarn_railway_station,SW,Abertridwr_railway_station
Abercarn_railway_station,NW,Bargoed_railway_station
Abercarn_railway_station,NW,Aberbargoed_Hospital
Abercwmboi_Halt_railway_station,NW,Aberaman_railway_station
Abercwmboi_Halt_railway_station,NW,Abernant_railway_station
Abercwmboi_Halt_railway_station,SE,Cilfynydd
Abercwmboi_Halt_railway_station,E,Aber_Bargoed_railway_station
Abercwmboi_Halt_railway_station,E,Bargoed_railway_station
Abercynon_North_railway_station,NW,Abercwmboi_Halt_railway_station
Abercynon_railway_station,NW,Abercynon_North_railway_station
Abercynon_railway_station,S,Cefn_Eglwysilan
Abercynon_railway_station,S,Sardis_Road
Abercynon_railway_station,NE,Aber_Bargoed_railway_station
Abercynon_railway_station,NE,Argoed_railway_station
Abercynon_railway_station,NE,Bargoed_railway_station
Abercynon_railway_station,NE,Brithdir_railway_station
Abercynon_railway_station,NE,Aberbargoed_Hospital
Aberdare_railway_station,S,Aberdare_Low_Level_railway_station
Abernant_railway_station,S,Aberaman_railway_station
Abernant_railway_station,SW,Aberdare_Low_Level_railway_station
Abernant_railway_station,SW,Aberdare_railway_station
Abernant_railway_station,S,Cwmbach_railway_station
Aberthaw_High_Level_railway_station,E,Barry_Island_railway_station
Aberthaw_High_Level_railway_station,NW,Cowbridge_railway_station
Aberthaw_High_Level_railway_station,E,Bastion_Road
Aberthaw_High_Level_railway_station,NE,Water_Wheel
Aberthaw_High_Level_railway_station,NE,Plymouth_Earl_of_Estates_Ltd
Aberthaw_Low_Level_railway_station,NE,Aberthaw_High_Level_railway_station
Aberthaw_power_stations,E,Aberthaw_High_Level_railway_station
Aberthaw_power_stations,E,Aberthaw_Low_Level_railway_station
Aberthaw_power_stations,N,Aberthin_Platform_railway_station
Aberthin_Platform_railway_station,NE,Castell_Coch
Aberthin_Platform_railway_station,E,St_Fagans_National_History_Museum
Aberthin_Platform_railway_station,NE,Creigiau_railway_station
Aberthin_Platform_railway_station,E,Danescourt_railway_station
Aberthin_Platform_railway_station,N,Clydach_Vale
Aberthin_Platform_railway_station,N,Coed-Ely
Aberthin_Platform_railway_station,N,Coed_Ely_railway_station
Aberthin_Platform_railway_station,NE,Cross_Inn_railway_station
Aberthin_Platform_railway_station,N,Mynydd_William_Meyrick
Aberthin_Platform_railway_station,S,Aberthaw_High_Level_railway_station
Aberthin_Platform_railway_station,S,Aberthaw_Low_Level_railway_station
Aberthin_Platform_railway_station,E,Copthorne_Hotel_Cardiff
Aberthin_Platform_railway_station,NE,Electricity_Sub_Station
Aberthin_Platform_railway_station,E,Culver_Financial_Management
Aberthin_Platform_railway_station,E,Water_Wheel
Aberthin_Platform_railway_station,NE,H_T_Fox_Roofing_&_Leadwork
Aberthin_Platform_railway_station,NE,Hill_Cottage
Aberthin_Platform_railway_station,E,Wildwood_Ecology_Ltd
Aberthin_Platform_railway_station,E,Agri_Sgj_Ltd
Aberthin_Platform_railway_station,NE,Creigiau_Pharmacy
Aberthin_Platform_railway_station,E,Plymouth_Earl_of_Estates_Ltd
Aberthin_Platform_railway_station,E,Sluice
Aberthin_Platform_railway_station,NE,Ashvale_Contractors_Ltd
Aberthin_Platform_railway_station,NE,Choice
Aberthin_Platform_railway_station,NE,Refuse_Tip-Disused
Aberthin_Platform_railway_station,NE,Foot_Bridge
Aberthin_Platform_railway_station,NE,S-G_Recruitment_Services
Aberthin_Platform_railway_station,NE,Ynys_Bridge
Aberthin_Platform_railway_station,E,Tennis_Courts
Aberthin_Platform_railway_station,E,Culver_Holdings_Plc
Aberthin_Platform_railway_station,NE,The_Surgery
Aberthin_Platform_railway_station,NE,Tynycoed_Farm_Independant_Hospital
Abertridwr_railway_station,S,Castell_Coch
Abertridwr_railway_station,NW,Abercynon_railway_station
Abertridwr_railway_station,SW,Church_Village
Abertridwr_railway_station,SW,Church_Village_Halt_railway_station
Abertridwr_railway_station,SW,Efail_Isaf_railway_station
Abertridwr_railway_station,NW,Cefn_Eglwysilan
Abertridwr_railway_station,SE,Aber_railway_station
Abertridwr_railway_station,E,Crosskeys_railway_station
Abertridwr_railway_station,N,Aberbargoed_Hospital
Abertridwr_railway_station,SE,Caerphilly_Castle
Abertridwr_railway_station,S,Electricity_Sub_Station
Abertridwr_railway_station,S,Chris_Leach_&_Associates_Ltd
Abertridwr_railway_station,S,Garth_Olwg
Abertridwr_railway_station,SW,Pylon
Abertridwr_railway_station,S,Devine_Wines_Ltd
Abertridwr_railway_station,SW,Creigiau_Pharmacy
Abertridwr_railway_station,SE,Reservoir_Covered
Abertridwr_railway_station,S,Ashvale_Contractors_Ltd
Abertridwr_railway_station,SW,Choice
Abertridwr_railway_station,SW,Refuse_Tip-Disused
Abertridwr_railway_station,SE,Denison
Abertridwr_railway_station,S,Tumulus
Abertridwr_railway_station,S,Ynys_Bridge
Abertridwr_railway_station,SE,Schools_Into_Europe
Abertridwr_railway_station,S,Quarry_Disused
Abertridwr_railway_station,SW,The_Surgery
Abertridwr_railway_station,SW,Tynycoed_Farm_Independant_Hospital
Abertridwr_railway_station,SE,Lay-By
Abertysswg_railway_station,SW,Abercwmboi_Halt_railway_station
Alberta_Place_Halt_railway_station,N,Cardiff_Bay_Barrage
Alberta_Place_Halt_railway_station,W,Barry_Power_Station
Alberta_Place_Halt_railway_station,N,Cogan_railway_station
Alberta_Place_Halt_railway_station,N,Watkiss_Way-1
Alberta_Place_Halt_railway_station,N,Fish_Ladder
Allt-yr-yn,E,Celtic_Manor_Resort
Altolusso,SW,Ing_Direct
Altolusso,W,Mosaica_Medi__&_Marketing
Altolusso,W,The_Golden_Cross
Altolusso,W,Peverel_Services_Ltd
Altolusso,S,Signal_Light
Altolusso,W,Tracing_Direct_Ltd
Altolusso,W,Bute_Terrace
Argoed_railway_station,W,Aber_Bargoed_railway_station
Argoed_railway_station,SE,Abercarn_railway_station
Argoed_railway_station,SE,Crosskeys_railway_station
Argoed_railway_station,SE,Caerleon_railway_station
Athletic_Ground_Aberdare,SE,Aberaman_railway_station
Athletic_Ground_Aberdare,W,Aberdare_Low_Level_railway_station
Athletic_Ground_Aberdare,NW,Aberdare_railway_station
Athletic_Ground_Aberdare,NE,Abernant_railway_station
Athletic_Ground_Aberdare,SE,Cwmbach_railway_station
Atlantic_College_Lifeboat_Station,NE,Coed-Ely
Atlantic_College_Lifeboat_Station,E,Aberthaw_power_stations
Bargoed_railway_station,SW,Cilfynydd
Bargoed_railway_station,SW,Cefn_Eglwysilan
Bargoed_railway_station,N,Aber_Bargoed_railway_station
Bargoed_railway_station,S,Aber_railway_station
Bargoed_railway_station,S,Abertridwr_railway_station
Bargoed_railway_station,S,Caerphilly_Castle
Barry_Dock_Lifeboat_Station,NE,Alberta_Place_Halt_railway_station
Barry_Dock_Lifeboat_Station,W,Barry_railway_station
Barry_Docks_railway_station,S,Barry_Dock_Lifeboat_Station
Barry_Island_railway_station,E,Barry_Dock_Lifeboat_Station
Barry_Island_railway_station,NE,Barry_Docks_railway_station
Barry_Power_Station,SW,Barry_Dock_Lifeboat_Station
Barry_Power_Station,W,Barry_Docks_railway_station
Barry_Power_Station,NE,Dingle_Road_railway_station
Barry_Power_Station,W,Bastion_Road
Barry_railway_station,W,Aberthaw_High_Level_railway_station
Barry_railway_station,W,Aberthaw_Low_Level_railway_station
Barry_railway_station,NW,Aberthin_Platform_railway_station
Barry_railway_station,E,Barry_Docks_railway_station
Barry_railway_station,SE,Barry_Island_railway_station
Bassaleg_Junction_railway_station,SW,Childrens_Hospital_for_Wales
Bassaleg_Junction_railway_station,SW,Hilton_Cardiff
Bassaleg_Junction_railway_station,SW,Holland_House_Cardiff
Bassaleg_Junction_railway_station,SW,National_Museum_Cardiff
Bassaleg_Junction_railway_station,SW,New_Theatre_Cardiff
Bassaleg_Junction_railway_station,SW,RAF_Pengam_Moors
Bassaleg_Junction_railway_station,W,Cefn_Onn_Halt_railway_station
Bassaleg_Junction_railway_station,NW,Abercarn_railway_station
Bassaleg_Junction_railway_station,NW,Crosskeys_railway_station
Bassaleg_Junction_railway_station,W,Ruperra_Castle
Bassaleg_Junction_railway_station,NE,Allt-yr-yn
Bassaleg_Junction_railway_station,SW,Public_Telephone
Bassaleg_Junction_railway_station,SW,Pontyprennau_Pharmacy
Bassaleg_Junction_railway_station,W,Fort_Castle_Field
Bassaleg_Junction_railway_station,SW,Back_on_the_Move
Bassaleg_Junction_railway_station,SW,Statue
Bassaleg_Junction_railway_station,SW,Henrys_Cafe_Bar
Bassaleg_Junction_railway_station,SW,Vitality_Gym_&_Health_Club
Bassaleg_Junction_railway_station,SW,Sundial
Bassaleg_Junction_railway_station,SW,Health_Visitors_Office
Bassaleg_Junction_railway_station,SW,System_Street_MOT_Station
Bassaleg_Junction_railway_station,SW,Cardiff_Alcohol_&_Drugs_Team
Bassaleg_Junction_railway_station,SW,Lighting_Tower
Bassaleg_Junction_railway_station,SW,R_M_Guy_Gas_Services_Ltd
Bassaleg_Junction_railway_station,W,Howard_J_Weare_&_Co
Bassaleg_Junction_railway_station,SW,Statue-1
Bassaleg_Junction_railway_station,SW,Community_Centre
Bassaleg_Junction_railway_station,SW,Multiple_Sclerosis_Society
Bassaleg_Junction_railway_station,SW,Subway-1
Bassaleg_Junction_railway_station,SW,Display_One_Ltd
Bassaleg_Junction_railway_station,SW,Gypsy_Caravan_Site
Bassaleg_Junction_railway_station,SW,Community_Addictions_Unit
Bassaleg_Junction_railway_station,SW,Four_Elms_Medical_Centres
Bassaleg_Junction_railway_station,SW,Pelcare_Ltd
Bassaleg_Junction_railway_station,SW,Pump
Bastion_Road,S,Barry_Docks_railway_station
Bastion_Road,S,Barry_Island_railway_station
Bastion_Road,SW,Barry_railway_station
Bastion_Road,NE,Dinas_Powys_railway_station
Bayscape,NW,Cardiff_International_Sports_Stadium
Bayscape,N,St_Mary_of_the_Angels_R_C_Church_Canton
Bayscape,W,Watkiss_Way-1
Bayscape,N,Other_Roads_Films
Bayscape,NW,Hadfield_Road
Bayscape,S,Slipway
Bayscape,SE,Wharf-Disused
Bayscape,N,Appletree_Nursery
Bayscape,N,Frankie_&_Bennys
Bayscape,NW,B_T_Data_Centre_Cardiff_Bay
Bayscape,S,Landing_Stage
Bayscape,E,Planet_Ice_Cardiff_Arena
Bayscape,E,Cardiff_Bay_Yacht_Club
Bayscape,NW,Maplin_Electronics
Bayscape,N,Bus_Depot
Bayscape,NW,Watkiss_Way-2
Bayscape,NE,Gantry
Beddau_Halt_railway_station,SE,Creigiau_railway_station
Beddau_Halt_railway_station,NE,Church_Village
Beddau_Halt_railway_station,NE,Church_Village_Halt_railway_station
Beddau_Halt_railway_station,NE,Cefn_Eglwysilan
Beddau_Halt_railway_station,E,Pylon
Beddau_Halt_railway_station,S,Hill_Cottage
Beddau_Halt_railway_station,SE,Creigiau_Pharmacy
Beddau_Halt_railway_station,SE,Choice
Beddau_Halt_railway_station,SE,Refuse_Tip-Disused
Beddau_Halt_railway_station,E,Tumulus
Beddau_Halt_railway_station,SE,The_Surgery
Beddau_Halt_railway_station,SE,Tynycoed_Farm_Independant_Hospital
Birchgrove_railway_station,E,Llanishen_Reservoir
Birchgrove_railway_station,SE,University_Hospital_of_Wales
Birchgrove_railway_station,W,Whitchurch_Hospital
Birchgrove_railway_station,SE,Cathays_railway_station
Birchgrove_railway_station,N,Aber_railway_station
Birchgrove_railway_station,N,Caerphilly_railway_station
Birchgrove_railway_station,W,NatWest
Birchgrove_railway_station,SW,Hayes_Flooring
Birchgrove_railway_station,SE,Let_Wise
Birchgrove_railway_station,W,H_T_Fox_Roofing_&_Leadwork
Birchgrove_railway_station,NE,Llys_Enfys
Birchgrove_railway_station,W,Institute_of_Cancer_&_Genetics
Birchgrove_railway_station,E,Celyn_Avenue
Birchgrove_railway_station,N,Ion_Graphic
Birchgrove_railway_station,E,Budd_Electrical_Spares_Department
Birchgrove_railway_station,NW,Reservoir_Covered
Birchgrove_railway_station,W,Slot_Cars_Wales_Ltd
Birchgrove_railway_station,NE,St_Isan
Birchgrove_railway_station,W,Ashvale_Contractors_Ltd
Birchgrove_railway_station,W,Cancer_Research_UK
Birchgrove_railway_station,S,Celtic_Road
Birchgrove_railway_station,S,Geoff_Flynn
Birchgrove_railway_station,W,Cancer_Research_Wales_Library_Within_Velindre_Hospital
Birchgrove_railway_station,SE,Monmouth_House
Birchgrove_railway_station,SW,Octopus_Creative_Design
Birchgrove_railway_station,W,William_Hill
Birchgrove_railway_station,S,C_G_Rees_Supply_Ltd
Birchgrove_railway_station,NE,Howard_J_Weare_&_Co
Birchgrove_railway_station,NW,Denison
Birchgrove_railway_station,S,Hall_Bookkeeping
Birchgrove_railway_station,W,Foot_Bridge
Birchgrove_railway_station,NW,Schools_Into_Europe
Birchgrove_railway_station,W,Nature_Reserve
Birchgrove_railway_station,SE,King_Georges_Field_Playing_Fields
Birchgrove_railway_station,E,Three_Arches_Ave
Birchgrove_railway_station,E,Miranda_Parsons
Birchgrove_railway_station,N,Lay-By
Brithdir_railway_station,S,Aber_Bargoed_railway_station
Brithdir_railway_station,NW,Abertysswg_railway_station
Brithdir_railway_station,SE,Argoed_railway_station
Brithdir_railway_station,S,Aberbargoed_Hospital
Bute_Town,SW,Aberaman_railway_station
Bute_Town,S,Abercynon_North_railway_station
Bute_Town,S,Abercynon_railway_station
Bute_Town,SW,Abernant_railway_station
Bute_Town,SW,Cwmbach_railway_station
Bute_Town,SW,Lluest-wen_Reservoir
Bute_Town,SE,Abertysswg_railway_station
Caerleon_railway_station,W,Abercarn_railway_station
Caerleon_railway_station,W,Crosskeys_railway_station
Caerleon_railway_station,SW,Allt-yr-yn
Caerphilly_Castle,W,Aber_railway_station
Caerphilly_Castle,NE,Abercarn_railway_station
Caerphilly_Castle,N,Argoed_railway_station
Caerphilly_Castle,S,Caerphilly_railway_station
Caerphilly_Castle,NE,Crosskeys_railway_station
Caerphilly_railway_station,SE,Llanishen_Reservoir
Caerphilly_railway_station,S,Whitchurch_Hospital
Caerphilly_railway_station,SE,Cefn_Onn_Halt_railway_station
Caerphilly_railway_station,NW,Aber_railway_station
Caerphilly_railway_station,S,NatWest
Caerphilly_railway_station,SE,Fort_Castle_Field
Caerphilly_railway_station,S,Hayes_Flooring
Caerphilly_railway_station,S,Tank
Caerphilly_railway_station,SW,H_T_Fox_Roofing_&_Leadwork
Caerphilly_railway_station,S,Institute_of_Cancer_&_Genetics
Caerphilly_railway_station,S,Ion_Graphic
Caerphilly_railway_station,S,Reservoir_Covered
Caerphilly_railway_station,S,Slot_Cars_Wales_Ltd
Caerphilly_railway_station,S,Cancer_Research_UK
Caerphilly_railway_station,S,Cancer_Research_Wales_Library_Within_Velindre_Hospital
Caerphilly_railway_station,S,William_Hill
Caerphilly_railway_station,S,Denison
Caerphilly_railway_station,SW,S-G_Recruitment_Services
Caerphilly_railway_station,S,Schools_Into_Europe
Caerphilly_railway_station,S,Nature_Reserve
Caerphilly_railway_station,SE,Three_Arches_Ave
Caerphilly_railway_station,SE,Miranda_Parsons
Caerphilly_railway_station,S,Lay-By
Capitol_Centre,NW,University_Hospital_of_Wales
Capitol_Centre,SW,Castle_Quarter
Capitol_Centre,S,Driving_Test_Centre-Cardiff
Capitol_Centre,E,Subway
Capitol_Centre,NW,Henrys_Cafe_Bar
Capitol_Centre,S,Everyday_Loans_Ltd
Capitol_Centre,NW,Vitality_Gym_&_Health_Club
Capitol_Centre,E,Cash_Machine-Bank_Machine_Limited
Capitol_Centre,E,Tommys_Bar_Uwic
Capitol_Centre,S,Little_Tiger
Capitol_Centre,S,Terrence_Higgins_Trust
Capitol_Centre,NW,Allotment_Gardens
Capitol_Centre,W,Hair_Essentials_Ltd
Capitol_Centre,W,The_Works
Capitol_Centre,E,Thompsons_Solicitors_LLP
Cardiff_Arms_Park,NE,Cardiff_town_walls
Cardiff_Arms_Park,NE,National_Car_Parks_Plc
Cardiff_Arms_Park,W,Cash_Machine-Royal_Bank_of_Scotland
Cardiff_Arms_Park,SE,Way_Ahead
Cardiff_Arms_Park,W,Rugby_Football_Ground
Cardiff_Arms_Park,NW,Other_Roads_Films
Cardiff_Arms_Park,W,Tesco
Cardiff_Arms_Park,NE,Henrys_Cafe_Bar
Cardiff_Arms_Park,NE,Vitality_Gym_&_Health_Club
Cardiff_Arms_Park,S,Pure_Gym
Cardiff_Arms_Park,N,Drinking_Fountain
Cardiff_Arms_Park,NE,Castle_Ka
Cardiff_Arms_Park,W,Boiler_Plant_Maintenance_Glamorgan_Ltd
Cardiff_Arms_Park,S,Vue_Cinemas
Cardiff_Arms_Park,NE,The_Works
Cardiff_Arms_Park,S,Ben_&_Jerrys
Cardiff_Arms_Park,W,Tuck_in_Grill_House
Cardiff_Athletics_Stadium,SE,Bayscape
Cardiff_Athletics_Stadium,NE,Cardiff_Arms_Park
Cardiff_Athletics_Stadium,SE,Cardiff_International_Pool
Cardiff_Athletics_Stadium,W,Cardiff_International_Sports_Stadium
Cardiff_Athletics_Stadium,E,Wales_Millennium_Centre
Cardiff_Athletics_Stadium,SE,Cardiff_Bay_Barrage
Cardiff_Athletics_Stadium,E,Cardiff_Bay_railway_station
Cardiff_Athletics_Stadium,E,Cardiff_Central_railway_station
Cardiff_Athletics_Stadium,S,Eastbrook_railway_station
Cardiff_Athletics_Stadium,N,Cash_Machine-Royal_Bank_of_Scotland
Cardiff_Athletics_Stadium,W,Hafal
Cardiff_Athletics_Stadium,SE,Watkiss_Way-1
Cardiff_Athletics_Stadium,NE,Rugby_Football_Ground
Cardiff_Athletics_Stadium,E,Lloyd_George_Avenue
Cardiff_Athletics_Stadium,W,Hadfield_Road
Cardiff_Athletics_Stadium,NW,Canton_Rugby_&_Athletic_Club
Cardiff_Athletics_Stadium,N,Tesco
Cardiff_Athletics_Stadium,SE,Slipway
Cardiff_Athletics_Stadium,SE,Weighbridge
Cardiff_Athletics_Stadium,W,Agri_Sgj_Ltd
Cardiff_Athletics_Stadium,N,Jubilee_Park
Cardiff_Athletics_Stadium,SE,Fish_Ladder
Cardiff_Athletics_Stadium,E,Stephen_Doughty_MP-Cardiff_South_&_Penarth
Cardiff_Athletics_Stadium,E,Pure_Gym
Cardiff_Athletics_Stadium,W,Greenwood_Lane
Cardiff_Athletics_Stadium,W,Filter_Beds
Cardiff_Athletics_Stadium,SE,Appletree_Nursery
Cardiff_Athletics_Stadium,SE,Cardiff_Yacht_Club
Cardiff_Athletics_Stadium,NE,Drinking_Fountain
Cardiff_Athletics_Stadium,SE,Frankie_&_Bennys
Cardiff_Athletics_Stadium,SE,B_T_Data_Centre_Cardiff_Bay
Cardiff_Athletics_Stadium,E,Recreation_Ground
Cardiff_Athletics_Stadium,E,Bishop_&_Olden_Solicitors
Cardiff_Athletics_Stadium,SE,Cardiff_Ice_Rink
Cardiff_Athletics_Stadium,N,Boiler_Plant_Maintenance_Glamorgan_Ltd
Cardiff_Athletics_Stadium,E,Vue_Cinemas
Cardiff_Athletics_Stadium,W,Playin_Field
Cardiff_Athletics_Stadium,SE,Landing_Stage
Cardiff_Athletics_Stadium,W,K-F-C_Ltd
Cardiff_Athletics_Stadium,E,Fountain
Cardiff_Athletics_Stadium,E,Ben_&_Jerrys
Cardiff_Athletics_Stadium,SE,Planet_Ice_Cardiff_Arena
Cardiff_Athletics_Stadium,NE,Water
Cardiff_Athletics_Stadium,E,Institute_of_Welsh_Affairs
Cardiff_Athletics_Stadium,SW,Maplin_Electronics
Cardiff_Athletics_Stadium,W,Plymouth_Arms
Cardiff_Athletics_Stadium,E,Craft_in_the_Bay
Cardiff_Athletics_Stadium,NW,Ladbrokes_Plc
Cardiff_Athletics_Stadium,E,Makers_Guild_in_Wales_Craft_in_the_Bay
Cardiff_Athletics_Stadium,NW,R_A_S
Cardiff_Athletics_Stadium,W,McDonalds_Restaurant
Cardiff_Athletics_Stadium,E,The_Makers_Guild
Cardiff_Athletics_Stadium,E,Bus_Depot
Cardiff_Athletics_Stadium,N,Tuck_in_Grill_House
Cardiff_Athletics_Stadium,SE,Watkiss_Way-2
Cardiff_Athletics_Stadium,E,Depot
Cardiff_Athletics_Stadium,SE,Gantry
Cardiff_Bay_Barrage,W,Cardiff_International_Pool
Cardiff_Bay_Barrage,N,Mermaid_Quay
Cardiff_Bay_Barrage,N,Pierhead_Building
Cardiff_Bay_Barrage,N,St_Davids_Hotel_&_Spa
Cardiff_Bay_Barrage,W,Cogan_railway_station
Cardiff_Bay_Barrage,N,Lock
Cardiff_Bay_Barrage,N,Business_Centre
Cardiff_Bay_Barrage,N,Mermaid_Quay_Waterbus
Cardiff_Bay_Barrage,N,Taxi_Vans_Cardiff
Cardiff_Bay_Barrage,W,Slipway
Cardiff_Bay_Barrage,W,Weighbridge
Cardiff_Bay_Barrage,N,Cardiff_House_Clearance
Cardiff_Bay_Barrage,W,Wharf-Disused
Cardiff_Bay_Barrage,SW,Fish_Ladder
Cardiff_Bay_Barrage,N,Scott_Harbour
Cardiff_Bay_Barrage,N,Haul-4_U
Cardiff_Bay_Barrage,NW,Cardiff_Yacht_Club
Cardiff_Bay_Barrage,N,Flagstaff
Cardiff_Bay_Barrage,W,Cardiff_Ice_Rink
Cardiff_Bay_Barrage,N,Interior_Design_&_C-A-D_Workshops
Cardiff_Bay_Barrage,N,Sewage_Pumping_Station
Cardiff_Bay_Barrage,W,Landing_Stage
Cardiff_Bay_Barrage,N,Multiple_Sclerosis_Society
Cardiff_Bay_Barrage,N,Y_Senedd
Cardiff_Bay_Barrage,W,Planet_Ice_Cardiff_Arena
Cardiff_Bay_Barrage,W,Cardiff_Bay_Yacht_Club
Cardiff_Bay_Barrage,N,B_B_C_Political_Group
Cardiff_Bay_Barrage,N,Lagoons_&_Wetlands_Nature_Reserve
Cardiff_Bay_Barrage,N,Welsh_Liberal_Democrats
Cardiff_Bay_Barrage,W,Watkiss_Way-2
Cardiff_Bay_Barrage,N,Play_Ground
Cardiff_Bay_Barrage,NW,Gantry
Cardiff_Bay_Barrage,N,Cadwaladers_Ice_Cream
Cardiff_Bay_railway_station,N,Altolusso
Cardiff_Bay_railway_station,N,Childrens_Hospital_for_Wales
Cardiff_Bay_railway_station,NW,Meridian_Gate_Cardiff
Cardiff_Bay_railway_station,S,Mermaid_Quay
Cardiff_Bay_railway_station,N,Motorpoint_Arena_Cardiff
Cardiff_Bay_railway_station,SE,Pierhead_Building
Cardiff_Bay_railway_station,NE,RAF_Pengam_Moors
Cardiff_Bay_railway_station,N,Ty_Pont_Haearn
Cardiff_Bay_railway_station,S,Techniquest
Cardiff_Bay_railway_station,SE,Wales_Millennium_Centre
Cardiff_Bay_railway_station,NW,Cardiff_Central_railway_station
Cardiff_Bay_railway_station,N,Public_Telephone
Cardiff_Bay_railway_station,NW,Ing_Direct
Cardiff_Bay_railway_station,SW,Business_Centre
Cardiff_Bay_railway_station,E,Hollywood_Bowl
Cardiff_Bay_railway_station,N,Back_on_the_Move
Cardiff_Bay_railway_station,N,Lloyd_George_Avenue
Cardiff_Bay_railway_station,S,Road_Tunnel
Cardiff_Bay_railway_station,N,Mosaica_Medi__&_Marketing
Cardiff_Bay_railway_station,E,Grosvenor_Casinos
Cardiff_Bay_railway_station,N,Peverel_Services_Ltd
Cardiff_Bay_railway_station,E,Cash_Machine-TRM_Corporation
Cardiff_Bay_railway_station,SW,Stephen_Doughty_MP-Cardiff_South_&_Penarth
Cardiff_Bay_railway_station,N,Adam_Street
Cardiff_Bay_railway_station,N,Cash_Machine-Bank_Machine_Limited
Cardiff_Bay_railway_station,N,Tommys_Bar_Uwic
Cardiff_Bay_railway_station,N,Signal_Light
Cardiff_Bay_railway_station,N,Tracing_Direct_Ltd
Cardiff_Bay_railway_station,N,System_Street_MOT_Station
Cardiff_Bay_railway_station,N,Cardiff_Alcohol_&_Drugs_Team
Cardiff_Bay_railway_station,W,Recreation_Ground
Cardiff_Bay_railway_station,SW,Bishop_&_Olden_Solicitors
Cardiff_Bay_railway_station,N,Pipelines
Cardiff_Bay_railway_station,E,Interior_Design_&_C-A-D_Workshops
Cardiff_Bay_railway_station,SW,Sewage_Pumping_Station
Cardiff_Bay_railway_station,SE,Fountain
Cardiff_Bay_railway_station,E,Bar
Cardiff_Bay_railway_station,SW,Adelaide_Street
Cardiff_Bay_railway_station,SW,Institute_of_Welsh_Affairs
Cardiff_Bay_railway_station,SE,Craft_in_the_Bay
Cardiff_Bay_railway_station,S,Lagoons_&_Wetlands_Nature_Reserve
Cardiff_Bay_railway_station,SE,Makers_Guild_in_Wales_Craft_in_the_Bay
Cardiff_Bay_railway_station,SE,The_Makers_Guild
Cardiff_Bay_railway_station,NW,Depot
Cardiff_Central_railway_station,S,Bayscape
Cardiff_Central_railway_station,NW,Cardiff_Arms_Park
Cardiff_Central_railway_station,S,Cardiff_International_Pool
Cardiff_Central_railway_station,N,Cardiff_Story
Cardiff_Central_railway_station,N,Cardiff_town_walls
Cardiff_Central_railway_station,NE,Meridian_Gate_Cardiff
Cardiff_Central_railway_station,SE,Mermaid_Quay
Cardiff_Central_railway_station,NW,Millennium_Stadium
Cardiff_Central_railway_station,SE,St_Davids_Hotel_&_Spa
Cardiff_Central_railway_station,NE,Ty_Pont_Haearn
Cardiff_Central_railway_station,SE,Techniquest
Cardiff_Central_railway_station,NE,Castle_Quarter
Cardiff_Central_railway_station,NW,National_Car_Parks_Plc
Cardiff_Central_railway_station,E,Ing_Direct
Cardiff_Central_railway_station,NW,Cash_Machine-Royal_Bank_of_Scotland
Cardiff_Central_railway_station,S,Business_Centre
Cardiff_Central_railway_station,S,Watkiss_Way-1
Cardiff_Central_railway_station,NW,Way_Ahead
Cardiff_Central_railway_station,NW,Rugby_Football_Ground
Cardiff_Central_railway_station,SE,Road_Tunnel
Cardiff_Central_railway_station,N,Kingsway
Cardiff_Central_railway_station,NW,Tesco
Cardiff_Central_railway_station,SE,Mermaid_Quay_Waterbus
Cardiff_Central_railway_station,S,Taxi_Vans_Cardiff
Cardiff_Central_railway_station,NE,The_Golden_Cross
Cardiff_Central_railway_station,S,Weighbridge
Cardiff_Central_railway_station,S,Cardiff_House_Clearance
Cardiff_Central_railway_station,SE,Stephen_Doughty_MP-Cardiff_South_&_Penarth
Cardiff_Central_railway_station,NW,Pure_Gym
Cardiff_Central_railway_station,SE,Cadwyn_Capital_LLP
Cardiff_Central_railway_station,S,Appletree_Nursery
Cardiff_Central_railway_station,S,Cardiff_Yacht_Club
Cardiff_Central_railway_station,S,Frankie_&_Bennys
Cardiff_Central_railway_station,S,B_T_Data_Centre_Cardiff_Bay
Cardiff_Central_railway_station,SE,Recreation_Ground
Cardiff_Central_railway_station,SE,Bishop_&_Olden_Solicitors
Cardiff_Central_railway_station,S,Cardiff_Ice_Rink
Cardiff_Central_railway_station,NW,Vue_Cinemas
Cardiff_Central_railway_station,NE,Bute_Terrace
Cardiff_Central_railway_station,S,Sewage_Pumping_Station
Cardiff_Central_railway_station,SE,Travelling_Crane
Cardiff_Central_railway_station,N,The_Works
Cardiff_Central_railway_station,NW,Ben_&_Jerrys
Cardiff_Central_railway_station,S,Planet_Ice_Cardiff_Arena
Cardiff_Central_railway_station,SE,Adelaide_Street
Cardiff_Central_railway_station,SE,Institute_of_Welsh_Affairs
Cardiff_Central_railway_station,W,Maplin_Electronics
Cardiff_Central_railway_station,W,Bus_Depot
Cardiff_Central_railway_station,NW,Tuck_in_Grill_House
Cardiff_Central_railway_station,SE,Graving_Dock_No-3
Cardiff_Central_railway_station,S,Watkiss_Way-2
Cardiff_Central_railway_station,SE,Depot
Cardiff_Central_railway_station,S,Gantry
Cardiff_Central_railway_station,SE,Cadwaladers_Ice_Cream
Cardiff_City_Stadium,E,Cardiff_Athletics_Stadium
Cardiff_International_Pool,W,Bayscape
Cardiff_International_Pool,N,Millennium_Stadium
Cardiff_International_Pool,NE,Techniquest
Cardiff_International_Pool,NE,Cardiff_Bay_railway_station
Cardiff_International_Pool,NE,Lock
Cardiff_International_Pool,NE,Business_Centre
Cardiff_International_Pool,N,Way_Ahead
Cardiff_International_Pool,NE,Lloyd_George_Avenue
Cardiff_International_Pool,NE,Taxi_Vans_Cardiff
Cardiff_International_Pool,SW,Slipway
Cardiff_International_Pool,E,Weighbridge
Cardiff_International_Pool,NE,Cardiff_House_Clearance
Cardiff_International_Pool,S,Wharf-Disused
Cardiff_International_Pool,E,Fish_Ladder
Cardiff_International_Pool,NE,Stephen_Doughty_MP-Cardiff_South_&_Penarth
Cardiff_International_Pool,N,Pure_Gym
Cardiff_International_Pool,NE,Cadwyn_Capital_LLP
Cardiff_International_Pool,NW,Appletree_Nursery
Cardiff_International_Pool,NE,Cardiff_Yacht_Club
Cardiff_International_Pool,NW,Frankie_&_Bennys
Cardiff_International_Pool,W,B_T_Data_Centre_Cardiff_Bay
Cardiff_International_Pool,NE,Flagstaff
Cardiff_International_Pool,NE,Recreation_Ground
Cardiff_International_Pool,NE,Bishop_&_Olden_Solicitors
Cardiff_International_Pool,E,Cardiff_Ice_Rink
Cardiff_International_Pool,N,Vue_Cinemas
Cardiff_International_Pool,NE,Sewage_Pumping_Station
Cardiff_International_Pool,SW,Landing_Stage
Cardiff_International_Pool,NE,Travelling_Crane
Cardiff_International_Pool,N,Ben_&_Jerrys
Cardiff_International_Pool,NE,Planet_Ice_Cardiff_Arena
Cardiff_International_Pool,SE,Cardiff_Bay_Yacht_Club
Cardiff_International_Pool,NE,Adelaide_Street
Cardiff_International_Pool,NE,Institute_of_Welsh_Affairs
Cardiff_International_Pool,NE,Lagoons_&_Wetlands_Nature_Reserve
Cardiff_International_Pool,NE,Graving_Dock_No-3
Cardiff_International_Pool,E,Play_Ground
Cardiff_International_Pool,NE,Depot
Cardiff_International_Pool,N,Gantry
Cardiff_International_Sports_Stadium,E,Techniquest
Cardiff_International_Sports_Stadium,SE,Cogan_railway_station
Cardiff_International_Sports_Stadium,S,Dinas_Powys_railway_station
Cardiff_International_Sports_Stadium,W,Copthorne_Hotel_Cardiff
Cardiff_International_Sports_Stadium,NE,Cash_Machine-Royal_Bank_of_Scotland
Cardiff_International_Sports_Stadium,NW,Hafal
Cardiff_International_Sports_Stadium,W,Culver_Financial_Management
Cardiff_International_Sports_Stadium,E,Rugby_Football_Ground
Cardiff_International_Sports_Stadium,E,Road_Tunnel
Cardiff_International_Sports_Stadium,S,Hadfield_Road
Cardiff_International_Sports_Stadium,N,Canton_Rugby_&_Athletic_Club
Cardiff_International_Sports_Stadium,NE,Tesco
Cardiff_International_Sports_Stadium,W,Wildwood_Ecology_Ltd
Cardiff_International_Sports_Stadium,NW,Agri_Sgj_Ltd
Cardiff_International_Sports_Stadium,NE,Jubilee_Park
Cardiff_International_Sports_Stadium,W,Sluice
Cardiff_International_Sports_Stadium,NE,Ty_Maeth
Cardiff_International_Sports_Stadium,NW,Greenwood_Lane
Cardiff_International_Sports_Stadium,NW,Filter_Beds
Cardiff_International_Sports_Stadium,NE,Allotment_Gardens
Cardiff_International_Sports_Stadium,NE,Royal_College_of_Nursing
Cardiff_International_Sports_Stadium,NE,Monmouth_House
Cardiff_International_Sports_Stadium,NE,Boiler_Plant_Maintenance_Glamorgan_Ltd
Cardiff_International_Sports_Stadium,NW,Playin_Field
Cardiff_International_Sports_Stadium,E,K-F-C_Ltd
Cardiff_International_Sports_Stadium,W,Tennis_Courts
Cardiff_International_Sports_Stadium,W,Culver_Holdings_Plc
Cardiff_International_Sports_Stadium,E,Adelaide_Street
Cardiff_International_Sports_Stadium,SE,Maplin_Electronics
Cardiff_International_Sports_Stadium,NW,Plymouth_Arms
Cardiff_International_Sports_Stadium,E,Ladbrokes_Plc
Cardiff_International_Sports_Stadium,E,R_A_S
Cardiff_International_Sports_Stadium,E,McDonalds_Restaurant
Cardiff_International_Sports_Stadium,NE,Royal_College_of_Nursing-Welsh_Board
Cardiff_International_Sports_Stadium,NE,Tuck_in_Grill_House
Cardiff_Queen_Street_railway_station,W,Capitol_Centre
Cardiff_Queen_Street_railway_station,NE,Childrens_Hospital_for_Wales
Cardiff_Queen_Street_railway_station,SW,Helmont_House
Cardiff_Queen_Street_railway_station,NE,Holland_House_Cardiff
Cardiff_Queen_Street_railway_station,W,Driving_Test_Centre-Cardiff
Cardiff_Queen_Street_railway_station,N,Subway
Cardiff_Queen_Street_railway_station,W,Henrys_Cafe_Bar
Cardiff_Queen_Street_railway_station,W,Everyday_Loans_Ltd
Cardiff_Queen_Street_railway_station,W,Vitality_Gym_&_Health_Club
Cardiff_Queen_Street_railway_station,S,Adam_Street
Cardiff_Queen_Street_railway_station,NE,Cash_Machine-Bank_Machine_Limited
Cardiff_Queen_Street_railway_station,NE,Tommys_Bar_Uwic
Cardiff_Queen_Street_railway_station,W,Little_Tiger
Cardiff_Queen_Street_railway_station,W,Terrence_Higgins_Trust
Cardiff_Queen_Street_railway_station,S,Scott_Harbour
Cardiff_Queen_Street_railway_station,NE,System_Street_MOT_Station
Cardiff_Queen_Street_railway_station,NE,Thompsons_Solicitors_LLP
Cardiff_Story,W,Cardiff_Arms_Park
Cardiff_Story,NW,Firing_Line_Cardiff_Castle_Museum_of_the_Welsh_Soldier
Cardiff_Story,W,National_Car_Parks_Plc
Cardiff_Story,SE,Ing_Direct
Cardiff_Story,SW,Way_Ahead
Cardiff_Story,SE,The_Golden_Cross
Cardiff_Story,SW,Pure_Gym
Cardiff_Story,NW,Castle_Ka
Cardiff_Story,SW,Vue_Cinemas
Cardiff_Story,SE,Bute_Terrace
Cardiff_Story,SW,Ben_&_Jerrys
Cardiff_town_walls,E,Capitol_Centre
Cardiff_town_walls,SE,Cardiff_Story
Cardiff_town_walls,SW,National_Car_Parks_Plc
Cardiff_town_walls,NW,Kingsway
Cardiff_town_walls,N,Statue
Cardiff_town_walls,SW,Castle_Ka
Cardiff_town_walls,E,Hair_Essentials_Ltd
Cardiff_town_walls,SE,The_Works
Cardiff_town_walls,NW,Water
Castell_Coch,S,St_Fagans_Castle
Castell_Coch,S,St_Fagans_National_History_Museum
Castell_Coch,SE,Birchgrove_railway_station
Castell_Coch,W,Beddau_Halt_railway_station
Castell_Coch,NW,Church_Village
Castell_Coch,NW,Church_Village_Halt_railway_station
Castell_Coch,W,Cross_Inn_railway_station
Castell_Coch,NE,Caerphilly_railway_station
Castell_Coch,NE,Caerphilly_Castle
Castell_Coch,SE,NatWest
Castell_Coch,W,Electricity_Sub_Station
Castell_Coch,NW,Chris_Leach_&_Associates_Ltd
Castell_Coch,S,Hafal
Castell_Coch,S,Culver_Financial_Management
Castell_Coch,SE,Hayes_Flooring
Castell_Coch,NW,Garth_Olwg
Castell_Coch,W,Pylon
Castell_Coch,S,Water_Wheel
Castell_Coch,SE,Tank
Castell_Coch,SE,H_T_Fox_Roofing_&_Leadwork
Castell_Coch,SE,Institute_of_Cancer_&_Genetics
Castell_Coch,W,Hill_Cottage
Castell_Coch,NW,Devine_Wines_Ltd
Castell_Coch,S,Wildwood_Ecology_Ltd
Castell_Coch,S,Agri_Sgj_Ltd
Castell_Coch,SE,Celyn_Avenue
Castell_Coch,W,Creigiau_Pharmacy
Castell_Coch,SE,Budd_Electrical_Spares_Department
Castell_Coch,E,Reservoir_Covered
Castell_Coch,S,Plymouth_Earl_of_Estates_Ltd
Castell_Coch,SE,Slot_Cars_Wales_Ltd
Castell_Coch,S,Greenwood_Lane
Castell_Coch,E,St_Isan
Castell_Coch,S,Filter_Beds
Castell_Coch,SW,Ashvale_Contractors_Ltd
Castell_Coch,SE,Cancer_Research_UK
Castell_Coch,SE,Cancer_Research_Wales_Library_Within_Velindre_Hospital
Castell_Coch,SE,Octopus_Creative_Design
Castell_Coch,W,Choice
Castell_Coch,SE,William_Hill
Castell_Coch,W,Refuse_Tip-Disused
Castell_Coch,E,Howard_J_Weare_&_Co
Castell_Coch,E,Denison
Castell_Coch,SE,Hall_Bookkeeping
Castell_Coch,NW,Tumulus
Castell_Coch,S,Foot_Bridge
Castell_Coch,E,S-G_Recruitment_Services
Castell_Coch,NW,Ynys_Bridge
Castell_Coch,S,Culver_Holdings_Plc
Castell_Coch,E,Schools_Into_Europe
Castell_Coch,S,Plymouth_Arms
Castell_Coch,SE,Nature_Reserve
Castell_Coch,NW,Quarry_Disused
Castell_Coch,W,The_Surgery
Castell_Coch,W,Tynycoed_Farm_Independant_Hospital
Castell_Coch,NE,Lay-By
Castle_Quarter,SE,Altolusso
Castle_Quarter,W,Cardiff_Story
Castle_Quarter,E,Helmont_House
Castle_Quarter,S,Meridian_Gate_Cardiff
Castle_Quarter,W,Millennium_Stadium
Castle_Quarter,SE,Motorpoint_Arena_Cardiff
Castle_Quarter,NW,St_Davids_Cardiff
Castle_Quarter,SE,Ty_Pont_Haearn
Castle_Quarter,NE,Driving_Test_Centre-Cardiff
Castle_Quarter,SE,Mosaica_Medi__&_Marketing
Castle_Quarter,S,The_Golden_Cross
Castle_Quarter,SE,Peverel_Services_Ltd
Castle_Quarter,NE,Everyday_Loans_Ltd
Castle_Quarter,NE,Little_Tiger
Castle_Quarter,NE,Terrence_Higgins_Trust
Castle_Quarter,SE,Signal_Light
Castle_Quarter,SE,Tracing_Direct_Ltd
Castle_Quarter,SE,Pipelines
Castle_Quarter,S,Bute_Terrace
Cathays_railway_station,S,Cardiff_Arms_Park
Cathays_railway_station,S,Firing_Line_Cardiff_Castle_Museum_of_the_Welsh_Soldier
Cathays_railway_station,SE,Holland_House_Cardiff
Cathays_railway_station,N,Llanishen_Reservoir
Cathays_railway_station,S,National_Museum_Cardiff
Cathays_railway_station,SW,St_Mary_of_the_Angels_R_C_Church_Canton
Cathays_railway_station,N,University_Hospital_of_Wales
Cathays_railway_station,N,Fort_Castle_Field
Cathays_railway_station,S,Rugby_Football_Ground
Cathays_railway_station,SE,Back_on_the_Move
Cathays_railway_station,SW,Other_Roads_Films
Cathays_railway_station,N,Let_Wise
Cathays_railway_station,S,Kingsway
Cathays_railway_station,N,Hackerford_Rd
Cathays_railway_station,N,Celyn_Avenue
Cathays_railway_station,N,Ty_Maeth
Cathays_railway_station,N,Allotment_Gardens
Cathays_railway_station,N,Royal_College_of_Nursing
Cathays_railway_station,SE,Cardiff_Alcohol_&_Drugs_Team
Cathays_railway_station,NW,Celtic_Road
Cathays_railway_station,NW,Geoff_Flynn
Cathays_railway_station,N,Monmouth_House
Cathays_railway_station,NW,C_G_Rees_Supply_Ltd
Cathays_railway_station,S,Statue-1
Cathays_railway_station,S,Water
Cathays_railway_station,N,Royal_College_of_Nursing-Welsh_Board
Cathays_railway_station,N,Three_Arches_Ave
Cathays_railway_station,N,Miranda_Parsons
Cefn_Eglwysilan,S,Church_Village
Cefn_Eglwysilan,NW,Cilfynydd
Cefn_Eglwysilan,E,Abercarn_railway_station
Cefn_Eglwysilan,N,Darran_and_Deri_railway_station
Cefn_Onn_Halt_railway_station,W,Castell_Coch
Cefn_Onn_Halt_railway_station,S,Llanishen_Reservoir
Cefn_Onn_Halt_railway_station,S,University_Hospital_of_Wales
Cefn_Onn_Halt_railway_station,SW,Whitchurch_Hospital
Cefn_Onn_Halt_railway_station,S,Birchgrove_railway_station
Cefn_Onn_Halt_railway_station,NW,Caerphilly_Castle
Cefn_Onn_Halt_railway_station,SW,NatWest
Cefn_Onn_Halt_railway_station,SE,Pontyprennau_Pharmacy
Cefn_Onn_Halt_railway_station,W,Chris_Leach_&_Associates_Ltd
Cefn_Onn_Halt_railway_station,E,Fort_Castle_Field
Cefn_Onn_Halt_railway_station,W,Garth_Olwg
Cefn_Onn_Halt_railway_station,SW,Tank
Cefn_Onn_Halt_railway_station,S,Let_Wise
Cefn_Onn_Halt_railway_station,S,Llys_Enfys
Cefn_Onn_Halt_railway_station,SW,Institute_of_Cancer_&_Genetics
Cefn_Onn_Halt_railway_station,W,Devine_Wines_Ltd
Cefn_Onn_Halt_railway_station,SE,Hackerford_Rd
Cefn_Onn_Halt_railway_station,SW,Ion_Graphic
Cefn_Onn_Halt_railway_station,S,Budd_Electrical_Spares_Department
Cefn_Onn_Halt_railway_station,SW,Reservoir_Covered
Cefn_Onn_Halt_railway_station,S,St_Isan
Cefn_Onn_Halt_railway_station,SW,Cancer_Research_UK
Cefn_Onn_Halt_railway_station,SW,Cancer_Research_Wales_Library_Within_Velindre_Hospital
Cefn_Onn_Halt_railway_station,SE,R_M_Guy_Gas_Services_Ltd
Cefn_Onn_Halt_railway_station,SW,William_Hill
Cefn_Onn_Halt_railway_station,SE,Howard_J_Weare_&_Co
Cefn_Onn_Halt_railway_station,SW,Denison
Cefn_Onn_Halt_railway_station,SE,Community_Centre
Cefn_Onn_Halt_railway_station,W,Tumulus
Cefn_Onn_Halt_railway_station,SW,Foot_Bridge
Cefn_Onn_Halt_railway_station,SE,Subway-1
Cefn_Onn_Halt_railway_station,W,S-G_Recruitment_Services
Cefn_Onn_Halt_railway_station,SE,Display_One_Ltd
Cefn_Onn_Halt_railway_station,W,Ynys_Bridge
Cefn_Onn_Halt_railway_station,SW,Schools_Into_Europe
Cefn_Onn_Halt_railway_station,SW,Nature_Reserve
Cefn_Onn_Halt_railway_station,W,Quarry_Disused
Cefn_Onn_Halt_railway_station,SE,Pelcare_Ltd
Cefn_Onn_Halt_railway_station,S,King_Georges_Field_Playing_Fields
Cefn_Onn_Halt_railway_station,S,Three_Arches_Ave
Cefn_Onn_Halt_railway_station,W,Lay-By
Celtic_Manor_Resort,NW,Caerleon_railway_station
Childrens_Hospital_for_Wales,SW,Ty_Pont_Haearn
Childrens_Hospital_for_Wales,W,Cathays_railway_station
Childrens_Hospital_for_Wales,NW,Public_Telephone
Childrens_Hospital_for_Wales,S,Back_on_the_Move
Childrens_Hospital_for_Wales,SW,Adam_Street
Childrens_Hospital_for_Wales,SW,Cash_Machine-Bank_Machine_Limited
Childrens_Hospital_for_Wales,E,Sundial
Childrens_Hospital_for_Wales,SW,Tommys_Bar_Uwic
Childrens_Hospital_for_Wales,E,Health_Visitors_Office
Childrens_Hospital_for_Wales,SE,System_Street_MOT_Station
Childrens_Hospital_for_Wales,W,Cardiff_Alcohol_&_Drugs_Team
Childrens_Hospital_for_Wales,E,Lighting_Tower
Childrens_Hospital_for_Wales,E,Multiple_Sclerosis_Society
Childrens_Hospital_for_Wales,N,Community_Addictions_Unit
Childrens_Hospital_for_Wales,E,Four_Elms_Medical_Centres
Church_Village,N,Cilfynydd
Church_Village,W,Coed_Ely_railway_station
Church_Village,NW,Dinas_Rhondda_railway_station
Church_Village_Halt_railway_station,N,Church_Village
Church_Village_Halt_railway_station,SE,Chris_Leach_&_Associates_Ltd
Church_Village_Halt_railway_station,SE,Garth_Olwg
Church_Village_Halt_railway_station,S,Pylon
Church_Village_Halt_railway_station,SE,Devine_Wines_Ltd
Church_Village_Halt_railway_station,SE,Quarry_Disused
Cilfynydd,N,Abercynon_North_railway_station
Cilfynydd,N,Abercynon_railway_station
Cilfynydd,SE,Ruperra_Castle
Clydach_Vale,N,Aberaman_railway_station
Clydach_Vale,NE,Abercwmboi_Halt_railway_station
Clydach_Vale,N,Aberdare_Low_Level_railway_station
Clydach_Vale,SE,Coed_Ely_railway_station
Clydach_Vale,NE,Cwmbach_railway_station
Clydach_Vale,N,Athletic_Ground_Aberdare
Coed_Ely_railway_station,SE,Coed-Ely
Coed_Ely_railway_station,NW,Mynydd_William_Meyrick
Coed_Ely_railway_station,S,Atlantic_College_Lifeboat_Station
Coed-Ely,NE,Abercynon_North_railway_station
Coed-Ely,NE,Abercynon_railway_station
Coed-Ely,SE,Beddau_Halt_railway_station
Coed-Ely,E,Church_Village
Coed-Ely,E,Church_Village_Halt_railway_station
Coed-Ely,E,Efail_Isaf_railway_station
Coed-Ely,S,Cowbridge_railway_station
Coed-Ely,SE,Dyffryn_Gardens
Coed-Ely,S,Llantwit_Major_Roman_Villa
Cogan_railway_station,NE,Bayscape
Cogan_railway_station,N,Cardiff_Athletics_Stadium
Cogan_railway_station,N,Cardiff_City_Stadium
Cogan_railway_station,NE,Cardiff_International_Pool
Cogan_railway_station,NE,Watkiss_Way-1
Cogan_railway_station,NE,Slipway
Cogan_railway_station,NE,Weighbridge
Cogan_railway_station,E,Wharf-Disused
Cogan_railway_station,N,B_T_Data_Centre_Cardiff_Bay
Cogan_railway_station,NE,Cardiff_Ice_Rink
Cogan_railway_station,NE,Landing_Stage
Cogan_railway_station,N,K-F-C_Ltd
Cogan_railway_station,N,Maplin_Electronics
Cogan_railway_station,N,Ladbrokes_Plc
Cogan_railway_station,N,R_A_S
Cogan_railway_station,N,McDonalds_Restaurant
Cogan_railway_station,N,Watkiss_Way-2
Copthorne_Hotel_Cardiff,E,Bayscape
Copthorne_Hotel_Cardiff,E,St_Davids_Hotel_&_Spa
Copthorne_Hotel_Cardiff,N,St_Fagans_Castle
Copthorne_Hotel_Cardiff,N,St_Fagans_National_History_Museum
Copthorne_Hotel_Cardiff,E,Cogan_railway_station
Copthorne_Hotel_Cardiff,SE,Dinas_Powys_railway_station
Copthorne_Hotel_Cardiff,SE,Eastbrook_railway_station
Copthorne_Hotel_Cardiff,S,Bastion_Road
Copthorne_Hotel_Cardiff,E,Business_Centre
Copthorne_Hotel_Cardiff,N,Culver_Financial_Management
Copthorne_Hotel_Cardiff,E,Watkiss_Way-1
Copthorne_Hotel_Cardiff,N,Water_Wheel
Copthorne_Hotel_Cardiff,E,Taxi_Vans_Cardiff
Copthorne_Hotel_Cardiff,N,Wildwood_Ecology_Ltd
Copthorne_Hotel_Cardiff,E,Slipway
Copthorne_Hotel_Cardiff,E,Cardiff_House_Clearance
Copthorne_Hotel_Cardiff,N,Sluice
Copthorne_Hotel_Cardiff,E,Cadwyn_Capital_LLP
Copthorne_Hotel_Cardiff,N,Filter_Beds
Copthorne_Hotel_Cardiff,E,Appletree_Nursery
Copthorne_Hotel_Cardiff,E,Cardiff_Yacht_Club
Copthorne_Hotel_Cardiff,E,Frankie_&_Bennys
Copthorne_Hotel_Cardiff,E,B_T_Data_Centre_Cardiff_Bay
Copthorne_Hotel_Cardiff,E,Sewage_Pumping_Station
Copthorne_Hotel_Cardiff,E,Landing_Stage
Copthorne_Hotel_Cardiff,E,Travelling_Crane
Copthorne_Hotel_Cardiff,N,Tennis_Courts
Copthorne_Hotel_Cardiff,N,Culver_Holdings_Plc
Copthorne_Hotel_Cardiff,E,Lagoons_&_Wetlands_Nature_Reserve
Copthorne_Hotel_Cardiff,E,Graving_Dock_No-3
Copthorne_Hotel_Cardiff,E,Watkiss_Way-2
Copthorne_Hotel_Cardiff,E,Gantry
Cowbridge_railway_station,S,Aberthaw_power_stations
Cowbridge_railway_station,NE,Aberthin_Platform_railway_station
Cowbridge_railway_station,SE,Barry_railway_station
Creigiau_railway_station,E,Castell_Coch
Creigiau_railway_station,SE,St_Fagans_Castle
Creigiau_railway_station,SE,St_Fagans_National_History_Museum
Creigiau_railway_station,E,Whitchurch_Hospital
Creigiau_railway_station,SE,Danescourt_railway_station
Creigiau_railway_station,NW,Cross_Inn_railway_station
Creigiau_railway_station,SE,Copthorne_Hotel_Cardiff
Creigiau_railway_station,E,Electricity_Sub_Station
Creigiau_railway_station,NE,Chris_Leach_&_Associates_Ltd
Creigiau_railway_station,SE,Hafal
Creigiau_railway_station,NE,Garth_Olwg
Creigiau_railway_station,NE,Pylon
Creigiau_railway_station,SE,Water_Wheel
Creigiau_railway_station,E,Tank
Creigiau_railway_station,E,H_T_Fox_Roofing_&_Leadwork
Creigiau_railway_station,SW,Hill_Cottage
Creigiau_railway_station,NE,Devine_Wines_Ltd
Creigiau_railway_station,SE,Agri_Sgj_Ltd
Creigiau_railway_station,NW,Creigiau_Pharmacy
Creigiau_railway_station,SE,Plymouth_Earl_of_Estates_Ltd
Creigiau_railway_station,SE,Sluice
Creigiau_railway_station,E,Slot_Cars_Wales_Ltd
Creigiau_railway_station,SE,Greenwood_Lane
Creigiau_railway_station,SE,Filter_Beds
Creigiau_railway_station,E,Ashvale_Contractors_Ltd
Creigiau_railway_station,E,Geoff_Flynn
Creigiau_railway_station,E,Octopus_Creative_Design
Creigiau_railway_station,NW,Choice
Creigiau_railway_station,E,William_Hill
Creigiau_railway_station,N,Refuse_Tip-Disused
Creigiau_railway_station,NE,Tumulus
Creigiau_railway_station,E,Foot_Bridge
Creigiau_railway_station,E,Ynys_Bridge
Creigiau_railway_station,SE,Tennis_Courts
Creigiau_railway_station,SE,Plymouth_Arms
Creigiau_railway_station,E,Nature_Reserve
Creigiau_railway_station,NE,Quarry_Disused
Creigiau_railway_station,NW,The_Surgery
Creigiau_railway_station,N,Tynycoed_Farm_Independant_Hospital
Cross_Inn_railway_station,NE,Beddau_Halt_railway_station
Cross_Inn_railway_station,NW,Coed-Ely
Cross_Inn_railway_station,SE,Hill_Cottage
Cross_Inn_railway_station,E,Refuse_Tip-Disused
Crosskeys_railway_station,W,Cefn_Eglwysilan
Crosskeys_railway_station,SW,Aber_railway_station
Crosskeys_railway_station,N,Abercarn_railway_station
Crosskeys_railway_station,SW,Caerphilly_railway_station
Crosskeys_railway_station,SE,Allt-yr-yn
Crosskeys_railway_station,SE,Kingsway_Shopping_Centre
Crosskeys_railway_station,S,Fort_Castle_Field
Crosskeys_railway_station,S,Hackerford_Rd
Crosskeys_railway_station,S,Howard_J_Weare_&_Co
Crosskeys_railway_station,S,Pump
Crosskeys_railway_station,SW,Lay-By
Cwmbach_railway_station,W,Aberaman_railway_station
Cwmbach_railway_station,SE,Abercwmboi_Halt_railway_station
Cwmbach_railway_station,E,Abertysswg_railway_station
Danescourt_railway_station,SE,Cardiff_Arms_Park
Danescourt_railway_station,SE,Cardiff_Athletics_Stadium
Danescourt_railway_station,SE,Cardiff_City_Stadium
Danescourt_railway_station,SE,Cardiff_International_Sports_Stadium
Danescourt_railway_station,SE,Cardiff_town_walls
Danescourt_railway_station,N,Castell_Coch
Danescourt_railway_station,SE,Firing_Line_Cardiff_Castle_Museum_of_the_Welsh_Soldier
Danescourt_railway_station,SE,Hilton_Cardiff
Danescourt_railway_station,SE,National_Museum_Cardiff
Danescourt_railway_station,SW,St_Fagans_Castle
Danescourt_railway_station,SW,St_Fagans_National_History_Museum
Danescourt_railway_station,SE,St_Mary_of_the_Angels_R_C_Church_Canton
Danescourt_railway_station,N,Whitchurch_Hospital
Danescourt_railway_station,NE,Birchgrove_railway_station
Danescourt_railway_station,E,Cathays_railway_station
Danescourt_railway_station,SW,Copthorne_Hotel_Cardiff
Danescourt_railway_station,NE,NatWest
Danescourt_railway_station,SE,National_Car_Parks_Plc
Danescourt_railway_station,SE,Cash_Machine-Royal_Bank_of_Scotland
Danescourt_railway_station,SW,Hafal
Danescourt_railway_station,SW,Culver_Financial_Management
Danescourt_railway_station,NE,Hayes_Flooring
Danescourt_railway_station,SE,Other_Roads_Films
Danescourt_railway_station,SW,Water_Wheel
Danescourt_railway_station,N,Tank
Danescourt_railway_station,SE,Hadfield_Road
Danescourt_railway_station,SE,Kingsway
Danescourt_railway_station,N,H_T_Fox_Roofing_&_Leadwork
Danescourt_railway_station,SE,Canton_Rugby_&_Athletic_Club
Danescourt_railway_station,SE,Tesco
Danescourt_railway_station,SE,Statue
Danescourt_railway_station,N,Institute_of_Cancer_&_Genetics
Danescourt_railway_station,SW,Wildwood_Ecology_Ltd
Danescourt_railway_station,SW,Agri_Sgj_Ltd
Danescourt_railway_station,SE,Jubilee_Park
Danescourt_railway_station,NE,Ion_Graphic
Danescourt_railway_station,NE,Budd_Electrical_Spares_Department
Danescourt_railway_station,W,Plymouth_Earl_of_Estates_Ltd
Danescourt_railway_station,E,Ty_Maeth
Danescourt_railway_station,N,Slot_Cars_Wales_Ltd
Danescourt_railway_station,SW,Greenwood_Lane
Danescourt_railway_station,SW,Filter_Beds
Danescourt_railway_station,E,Allotment_Gardens
Danescourt_railway_station,E,Royal_College_of_Nursing
Danescourt_railway_station,N,Cancer_Research_UK
Danescourt_railway_station,SE,Drinking_Fountain
Danescourt_railway_station,SE,Castle_Ka
Danescourt_railway_station,E,Celtic_Road
Danescourt_railway_station,NE,Geoff_Flynn
Danescourt_railway_station,N,Cancer_Research_Wales_Library_Within_Velindre_Hospital
Danescourt_railway_station,N,Octopus_Creative_Design
Danescourt_railway_station,E,C_G_Rees_Supply_Ltd
Danescourt_railway_station,SE,Boiler_Plant_Maintenance_Glamorgan_Ltd
Danescourt_railway_station,SE,Playin_Field
Danescourt_railway_station,NE,Hall_Bookkeeping
Danescourt_railway_station,SE,K-F-C_Ltd
Danescourt_railway_station,N,S-G_Recruitment_Services
Danescourt_railway_station,SW,Culver_Holdings_Plc
Danescourt_railway_station,SE,Water
Danescourt_railway_station,SW,Plymouth_Arms
Danescourt_railway_station,N,Nature_Reserve
Danescourt_railway_station,SE,Ladbrokes_Plc
Danescourt_railway_station,SE,R_A_S
Danescourt_railway_station,SE,McDonalds_Restaurant
Danescourt_railway_station,E,Royal_College_of_Nursing-Welsh_Board
Danescourt_railway_station,SE,Bus_Depot
Danescourt_railway_station,SE,Tuck_in_Grill_House
Darran_and_Deri_railway_station,W,Abercwmboi_Halt_railway_station
Darran_and_Deri_railway_station,SW,Abercynon_North_railway_station
Darran_and_Deri_railway_station,SW,Abercynon_railway_station
Darran_and_Deri_railway_station,W,Aberdare_railway_station
Darran_and_Deri_railway_station,W,Abernant_railway_station
Darran_and_Deri_railway_station,W,Cwmbach_railway_station
Darran_and_Deri_railway_station,SW,Dinas_Rhondda_railway_station
Darran_and_Deri_railway_station,W,Athletic_Ground_Aberdare
Darran_and_Deri_railway_station,SE,Aber_Bargoed_railway_station
Darran_and_Deri_railway_station,N,Abertysswg_railway_station
Darran_and_Deri_railway_station,SE,Bargoed_railway_station
Darran_and_Deri_railway_station,E,Brithdir_railway_station
Darran_and_Deri_railway_station,N,Bute_Town
Dinas_Powys_railway_station,NE,Millennium_Stadium
Dinas_Powys_railway_station,E,Alberta_Place_Halt_railway_station
Dinas_Powys_railway_station,SW,Barry_Docks_railway_station
Dinas_Powys_railway_station,S,Barry_Power_Station
Dinas_Rhondda_railway_station,N,Abercwmboi_Halt_railway_station
Dinas_Rhondda_railway_station,E,Abercynon_North_railway_station
Dinas_Rhondda_railway_station,E,Abercynon_railway_station
Dinas_Rhondda_railway_station,E,Cilfynydd
Dinas_Rhondda_railway_station,NW,Clydach_Vale
Dinas_Rhondda_railway_station,S,Coed-Ely
Dinas_Rhondda_railway_station,S,Coed_Ely_railway_station
Dinas_Rhondda_railway_station,N,Cwmbach_railway_station
Dinas_Rhondda_railway_station,NW,Lluest-wen_Reservoir
Dingle_Road_railway_station,N,Bayscape
Dingle_Road_railway_station,N,Cardiff_International_Pool
Dingle_Road_railway_station,NE,Cardiff_Bay_Barrage
Dingle_Road_railway_station,S,Alberta_Place_Halt_railway_station
Dingle_Road_railway_station,NW,Cogan_railway_station
Dingle_Road_railway_station,W,Dinas_Powys_railway_station
Dingle_Road_railway_station,NW,Watkiss_Way-1
Dingle_Road_railway_station,N,Slipway
Dingle_Road_railway_station,N,Weighbridge
Dingle_Road_railway_station,N,Wharf-Disused
Dingle_Road_railway_station,NE,Fish_Ladder
Dingle_Road_railway_station,N,Cardiff_Yacht_Club
Dingle_Road_railway_station,N,Cardiff_Ice_Rink
Dingle_Road_railway_station,N,Landing_Stage
Dingle_Road_railway_station,N,Planet_Ice_Cardiff_Arena
Dingle_Road_railway_station,N,Cardiff_Bay_Yacht_Club
Dingle_Road_railway_station,NE,Play_Ground
Dyffryn_Gardens,NE,Cardiff_Athletics_Stadium
Dyffryn_Gardens,NE,Cardiff_City_Stadium
Dyffryn_Gardens,NE,Cardiff_International_Sports_Stadium
Dyffryn_Gardens,NE,St_Fagans_Castle
Dyffryn_Gardens,NE,St_Fagans_National_History_Museum
Dyffryn_Gardens,N,Creigiau_railway_station
Dyffryn_Gardens,N,Beddau_Halt_railway_station
Dyffryn_Gardens,N,Cross_Inn_railway_station
Dyffryn_Gardens,SW,Aberthaw_High_Level_railway_station
Dyffryn_Gardens,SW,Aberthaw_power_stations
Dyffryn_Gardens,W,Aberthin_Platform_railway_station
Dyffryn_Gardens,SE,Barry_Dock_Lifeboat_Station
Dyffryn_Gardens,SE,Barry_Docks_railway_station
Dyffryn_Gardens,SE,Barry_Power_Station
Dyffryn_Gardens,S,Barry_railway_station
Dyffryn_Gardens,W,Cowbridge_railway_station
Dyffryn_Gardens,E,Dinas_Powys_railway_station
Dyffryn_Gardens,E,Eastbrook_railway_station
Dyffryn_Gardens,SE,Bastion_Road
Dyffryn_Gardens,NE,Copthorne_Hotel_Cardiff
Dyffryn_Gardens,W,Llantwit_Major_Roman_Villa
Dyffryn_Gardens,NE,Hafal
Dyffryn_Gardens,NE,Culver_Financial_Management
Dyffryn_Gardens,NE,Hadfield_Road
Dyffryn_Gardens,NE,Canton_Rugby_&_Athletic_Club
Dyffryn_Gardens,N,Hill_Cottage
Dyffryn_Gardens,NE,Wildwood_Ecology_Ltd
Dyffryn_Gardens,N,Creigiau_Pharmacy
Dyffryn_Gardens,NE,Sluice
Dyffryn_Gardens,NE,Greenwood_Lane
Dyffryn_Gardens,NE,Filter_Beds
Dyffryn_Gardens,N,Choice
Dyffryn_Gardens,NE,Playin_Field
Dyffryn_Gardens,NE,K-F-C_Ltd
Dyffryn_Gardens,NE,Tennis_Courts
Dyffryn_Gardens,NE,Culver_Holdings_Plc
Dyffryn_Gardens,NE,Maplin_Electronics
Dyffryn_Gardens,NE,Plymouth_Arms
Dyffryn_Gardens,NE,Ladbrokes_Plc
Dyffryn_Gardens,NE,R_A_S
Dyffryn_Gardens,NE,McDonalds_Restaurant
Dyffryn_Gardens,N,The_Surgery
Dyffryn_Gardens,NE,Bus_Depot
Eastbrook_railway_station,N,Cardiff_International_Sports_Stadium
Eastbrook_railway_station,NW,St_Fagans_Castle
Eastbrook_railway_station,NW,St_Fagans_National_History_Museum
Eastbrook_railway_station,NE,Cardiff_Central_railway_station
Eastbrook_railway_station,N,Danescourt_railway_station
Eastbrook_railway_station,SE,Alberta_Place_Halt_railway_station
Eastbrook_railway_station,SW,Barry_Power_Station
Eastbrook_railway_station,NE,Cogan_railway_station
Eastbrook_railway_station,SW,Dinas_Powys_railway_station
Eastbrook_railway_station,E,Dingle_Road_railway_station
Eastbrook_railway_station,NE,Ing_Direct
Eastbrook_railway_station,NW,Culver_Financial_Management
Eastbrook_railway_station,NE,Way_Ahead
Eastbrook_railway_station,NW,Water_Wheel
Eastbrook_railway_station,N,Hadfield_Road
Eastbrook_railway_station,NW,Wildwood_Ecology_Ltd
Eastbrook_railway_station,NE,Wharf-Disused
Eastbrook_railway_station,NE,Pure_Gym
Eastbrook_railway_station,NW,Sluice
Eastbrook_railway_station,NE,Signal_Light
Eastbrook_railway_station,NE,Appletree_Nursery
Eastbrook_railway_station,NE,Frankie_&_Bennys
Eastbrook_railway_station,NE,B_T_Data_Centre_Cardiff_Bay
Eastbrook_railway_station,NE,Vue_Cinemas
Eastbrook_railway_station,N,Playin_Field
Eastbrook_railway_station,NE,Ben_&_Jerrys
Eastbrook_railway_station,NW,Tennis_Courts
Eastbrook_railway_station,NW,Culver_Holdings_Plc
Eastbrook_railway_station,NE,Cardiff_Bay_Yacht_Club
Eastbrook_railway_station,NE,Watkiss_Way-2
Efail_Isaf_railway_station,SE,Castell_Coch
Efail_Isaf_railway_station,S,Creigiau_railway_station
Efail_Isaf_railway_station,SW,Beddau_Halt_railway_station
Efail_Isaf_railway_station,N,Church_Village_Halt_railway_station
Efail_Isaf_railway_station,E,Caerphilly_railway_station
Efail_Isaf_railway_station,SE,Electricity_Sub_Station
Efail_Isaf_railway_station,E,Chris_Leach_&_Associates_Ltd
Efail_Isaf_railway_station,E,Garth_Olwg
Efail_Isaf_railway_station,SE,Pylon
Efail_Isaf_railway_station,SE,Llys_Enfys
Efail_Isaf_railway_station,E,Devine_Wines_Ltd
Efail_Isaf_railway_station,SE,Ion_Graphic
Efail_Isaf_railway_station,S,Creigiau_Pharmacy
Efail_Isaf_railway_station,SE,Ashvale_Contractors_Ltd
Efail_Isaf_railway_station,S,Choice
Efail_Isaf_railway_station,S,Refuse_Tip-Disused
Efail_Isaf_railway_station,SE,Tumulus
Efail_Isaf_railway_station,SE,Foot_Bridge
Efail_Isaf_railway_station,SE,S-G_Recruitment_Services
Efail_Isaf_railway_station,SE,Ynys_Bridge
Efail_Isaf_railway_station,E,Quarry_Disused
Efail_Isaf_railway_station,S,The_Surgery
Efail_Isaf_railway_station,S,Tynycoed_Farm_Independant_Hospital
Efail_Isaf_railway_station,E,Lay-By
Firing_Line_Cardiff_Castle_Museum_of_the_Welsh_Soldier,SW,Cardiff_Arms_Park
Firing_Line_Cardiff_Castle_Museum_of_the_Welsh_Soldier,E,Cardiff_town_walls
Firing_Line_Cardiff_Castle_Museum_of_the_Welsh_Soldier,NE,National_Museum_Cardiff
Firing_Line_Cardiff_Castle_Museum_of_the_Welsh_Soldier,E,St_Davids_Cardiff
Firing_Line_Cardiff_Castle_Museum_of_the_Welsh_Soldier,S,National_Car_Parks_Plc
Firing_Line_Cardiff_Castle_Museum_of_the_Welsh_Soldier,S,Way_Ahead
Firing_Line_Cardiff_Castle_Museum_of_the_Welsh_Soldier,SW,Rugby_Football_Ground
Firing_Line_Cardiff_Castle_Museum_of_the_Welsh_Soldier,W,Other_Roads_Films
Firing_Line_Cardiff_Castle_Museum_of_the_Welsh_Soldier,NE,Kingsway
Firing_Line_Cardiff_Castle_Museum_of_the_Welsh_Soldier,NW,Drinking_Fountain
Firing_Line_Cardiff_Castle_Museum_of_the_Welsh_Soldier,S,Castle_Ka
Firing_Line_Cardiff_Castle_Museum_of_the_Welsh_Soldier,E,The_Works
Firing_Line_Cardiff_Castle_Museum_of_the_Welsh_Soldier,N,Water
Helmont_House,S,Altolusso
Helmont_House,NW,Capitol_Centre
Helmont_House,W,St_Davids_Cardiff
Helmont_House,S,Ty_Pont_Haearn
Helmont_House,NW,Driving_Test_Centre-Cardiff
Helmont_House,NE,Subway
Helmont_House,S,Mosaica_Medi__&_Marketing
Helmont_House,SW,The_Golden_Cross
Helmont_House,S,Peverel_Services_Ltd
Helmont_House,NW,Everyday_Loans_Ltd
Helmont_House,SE,Adam_Street
Helmont_House,NW,Little_Tiger
Helmont_House,NW,Terrence_Higgins_Trust
Helmont_House,S,Tracing_Direct_Ltd
Helmont_House,S,Pipelines
Helmont_House,SW,Bute_Terrace
Helmont_House,NW,Hair_Essentials_Ltd
Hilton_Cardiff,S,Cardiff_Story
Hilton_Cardiff,S,Cardiff_town_walls
Hilton_Cardiff,SW,Firing_Line_Cardiff_Castle_Museum_of_the_Welsh_Soldier
Hilton_Cardiff,W,Kingsway
Hilton_Cardiff,NE,Statue
Hilton_Cardiff,E,Henrys_Cafe_Bar
Hilton_Cardiff,E,Vitality_Gym_&_Health_Club
Hilton_Cardiff,W,Drinking_Fountain
Hilton_Cardiff,NE,Statue-1
Hilton_Cardiff,S,The_Works
Hilton_Cardiff,W,Water
Holland_House_Cardiff,SW,Capitol_Centre
Holland_House_Cardiff,E,Childrens_Hospital_for_Wales
Holland_House_Cardiff,SW,Motorpoint_Arena_Cardiff
Holland_House_Cardiff,W,National_Museum_Cardiff
Holland_House_Cardiff,NE,Public_Telephone
Holland_House_Cardiff,SW,Driving_Test_Centre-Cardiff
Holland_House_Cardiff,E,Back_on_the_Move
Holland_House_Cardiff,SW,Subway
Holland_House_Cardiff,NW,Llys_Enfys
Holland_House_Cardiff,W,Statue
Holland_House_Cardiff,SW,Mosaica_Medi__&_Marketing
Holland_House_Cardiff,SW,Peverel_Services_Ltd
Holland_House_Cardiff,SW,Everyday_Loans_Ltd
Holland_House_Cardiff,NW,Budd_Electrical_Spares_Department
Holland_House_Cardiff,NW,Ty_Maeth
Holland_House_Cardiff,SE,Cash_Machine-Bank_Machine_Limited
Holland_House_Cardiff,SE,Tommys_Bar_Uwic
Holland_House_Cardiff,SW,Little_Tiger
Holland_House_Cardiff,SW,Terrence_Higgins_Trust
Holland_House_Cardiff,SW,Tracing_Direct_Ltd
Holland_House_Cardiff,NW,Royal_College_of_Nursing
Holland_House_Cardiff,E,System_Street_MOT_Station
Holland_House_Cardiff,S,Haul-4_U
Holland_House_Cardiff,NE,Cardiff_Alcohol_&_Drugs_Team
Holland_House_Cardiff,NW,Monmouth_House
Holland_House_Cardiff,SW,Pipelines
Holland_House_Cardiff,W,Statue-1
Holland_House_Cardiff,S,Interior_Design_&_C-A-D_Workshops
Holland_House_Cardiff,SW,Hair_Essentials_Ltd
Holland_House_Cardiff,SW,Thompsons_Solicitors_LLP
Holland_House_Cardiff,NE,Community_Addictions_Unit
Holland_House_Cardiff,NW,Royal_College_of_Nursing-Welsh_Board
Holland_House_Cardiff,NW,King_Georges_Field_Playing_Fields
Kingsway_Shopping_Centre,W,Allt-yr-yn
Kingsway_Shopping_Centre,W,Bassaleg_Junction_railway_station
Kingsway_Shopping_Centre,NE,Caerleon_railway_station
Kingsway_Shopping_Centre,NE,Celtic_Manor_Resort
Llanishen_Reservoir,S,Capitol_Centre
Llanishen_Reservoir,S,Childrens_Hospital_for_Wales
Llanishen_Reservoir,S,Helmont_House
Llanishen_Reservoir,S,Holland_House_Cardiff
Llanishen_Reservoir,S,Cardiff_Queen_Street_railway_station
Llanishen_Reservoir,NE,Bassaleg_Junction_railway_station
Llanishen_Reservoir,NE,Kingsway_Shopping_Centre
Llanishen_Reservoir,S,Public_Telephone
Llanishen_Reservoir,E,Pontyprennau_Pharmacy
Llanishen_Reservoir,NE,Fort_Castle_Field
Llanishen_Reservoir,SW,Let_Wise
Llanishen_Reservoir,S,Subway
Llanishen_Reservoir,W,Llys_Enfys
Llanishen_Reservoir,E,Hackerford_Rd
Llanishen_Reservoir,S,Celyn_Avenue
Llanishen_Reservoir,W,Ion_Graphic
Llanishen_Reservoir,SW,Budd_Electrical_Spares_Department
Llanishen_Reservoir,W,Reservoir_Covered
Llanishen_Reservoir,S,Ty_Maeth
Llanishen_Reservoir,S,Cash_Machine-Bank_Machine_Limited
Llanishen_Reservoir,S,Tommys_Bar_Uwic
Llanishen_Reservoir,W,St_Isan
Llanishen_Reservoir,S,Allotment_Gardens
Llanishen_Reservoir,S,Royal_College_of_Nursing
Llanishen_Reservoir,S,System_Street_MOT_Station
Llanishen_Reservoir,S,Cardiff_Alcohol_&_Drugs_Team
Llanishen_Reservoir,SW,Celtic_Road
Llanishen_Reservoir,SW,Geoff_Flynn
Llanishen_Reservoir,S,Monmouth_House
Llanishen_Reservoir,E,R_M_Guy_Gas_Services_Ltd
Llanishen_Reservoir,SW,C_G_Rees_Supply_Ltd
Llanishen_Reservoir,N,Howard_J_Weare_&_Co
Llanishen_Reservoir,W,Denison
Llanishen_Reservoir,SW,Hall_Bookkeeping
Llanishen_Reservoir,E,Community_Centre
Llanishen_Reservoir,S,Multiple_Sclerosis_Society
Llanishen_Reservoir,E,Subway-1
Llanishen_Reservoir,E,Display_One_Ltd
Llanishen_Reservoir,W,Schools_Into_Europe
Llanishen_Reservoir,S,Thompsons_Solicitors_LLP
Llanishen_Reservoir,S,Community_Addictions_Unit
Llanishen_Reservoir,S,Royal_College_of_Nursing-Welsh_Board
Llanishen_Reservoir,E,Pelcare_Ltd
Llanishen_Reservoir,SW,King_Georges_Field_Playing_Fields
Llanishen_Reservoir,E,Pump
Llanishen_Reservoir,SW,Three_Arches_Ave
Llanishen_Reservoir,S,Miranda_Parsons
Llanishen_Reservoir,NW,Lay-By
Llantwit_Major_Roman_Villa,SE,Aberthaw_High_Level_railway_station
Llantwit_Major_Roman_Villa,SE,Aberthaw_Low_Level_railway_station
Llantwit_Major_Roman_Villa,SE,Aberthaw_power_stations
Llantwit_Major_Roman_Villa,SW,Atlantic_College_Lifeboat_Station
Llantwit_Major_Roman_Villa,NE,Cowbridge_railway_station
Lluest-wen_Reservoir,E,Aberaman_railway_station
Lluest-wen_Reservoir,E,Abercwmboi_Halt_railway_station
Lluest-wen_Reservoir,E,Aberdare_Low_Level_railway_station
Lluest-wen_Reservoir,E,Aberdare_railway_station
Lluest-wen_Reservoir,E,Abernant_railway_station
Meridian_Gate_Cardiff,NE,Altolusso
Meridian_Gate_Cardiff,NW,Cardiff_Story
Meridian_Gate_Cardiff,NE,Helmont_House
Meridian_Gate_Cardiff,N,St_Davids_Cardiff
Meridian_Gate_Cardiff,S,Ing_Direct
Meridian_Gate_Cardiff,W,Way_Ahead
Meridian_Gate_Cardiff,SE,Hollywood_Bowl
Meridian_Gate_Cardiff,SE,Lloyd_George_Avenue
Meridian_Gate_Cardiff,NE,Mosaica_Medi__&_Marketing
Meridian_Gate_Cardiff,NW,The_Golden_Cross
Meridian_Gate_Cardiff,SE,Grosvenor_Casinos
Meridian_Gate_Cardiff,NE,Peverel_Services_Ltd
Meridian_Gate_Cardiff,SE,Cash_Machine-TRM_Corporation
Meridian_Gate_Cardiff,S,Stephen_Doughty_MP-Cardiff_South_&_Penarth
Meridian_Gate_Cardiff,W,Pure_Gym
Meridian_Gate_Cardiff,E,Signal_Light
Meridian_Gate_Cardiff,NE,Tracing_Direct_Ltd
Meridian_Gate_Cardiff,S,Recreation_Ground
Meridian_Gate_Cardiff,S,Bishop_&_Olden_Solicitors
Meridian_Gate_Cardiff,W,Vue_Cinemas
Meridian_Gate_Cardiff,N,Bute_Terrace
Meridian_Gate_Cardiff,SE,Bar
Meridian_Gate_Cardiff,W,Ben_&_Jerrys
Meridian_Gate_Cardiff,S,Adelaide_Street
Meridian_Gate_Cardiff,S,Institute_of_Welsh_Affairs
Meridian_Gate_Cardiff,S,Depot
Mermaid_Quay,N,Meridian_Gate_Cardiff
Mermaid_Quay,W,Road_Tunnel
Mermaid_Quay,S,Mermaid_Quay_Waterbus
Mermaid_Quay,N,The_Golden_Cross
Mermaid_Quay,NW,Stephen_Doughty_MP-Cardiff_South_&_Penarth
Mermaid_Quay,SW,Cadwyn_Capital_LLP
Mermaid_Quay,SE,Flagstaff
Mermaid_Quay,SW,Travelling_Crane
Mermaid_Quay,N,Fountain
Mermaid_Quay,W,Adelaide_Street
Mermaid_Quay,E,B_B_C_Political_Group
Mermaid_Quay,N,Craft_in_the_Bay
Mermaid_Quay,N,Makers_Guild_in_Wales_Craft_in_the_Bay
Mermaid_Quay,E,Welsh_Liberal_Democrats
Mermaid_Quay,N,The_Makers_Guild
Mermaid_Quay,SW,Graving_Dock_No-3
Mermaid_Quay,N,Depot
Mermaid_Quay,S,Cadwaladers_Ice_Cream
Millennium_Stadium,E,Altolusso
Millennium_Stadium,N,Cardiff_Arms_Park
Millennium_Stadium,W,Cardiff_Athletics_Stadium
Millennium_Stadium,W,Cardiff_City_Stadium
Millennium_Stadium,NE,Cardiff_Story
Millennium_Stadium,N,Firing_Line_Cardiff_Castle_Museum_of_the_Welsh_Soldier
Millennium_Stadium,E,Meridian_Gate_Cardiff
Millennium_Stadium,E,Motorpoint_Arena_Cardiff
Millennium_Stadium,N,National_Car_Parks_Plc
Millennium_Stadium,SE,Business_Centre
Millennium_Stadium,E,Way_Ahead
Millennium_Stadium,N,Rugby_Football_Ground
Millennium_Stadium,W,Canton_Rugby_&_Athletic_Club
Millennium_Stadium,SE,Taxi_Vans_Cardiff
Millennium_Stadium,E,Mosaica_Medi__&_Marketing
Millennium_Stadium,E,The_Golden_Cross
Millennium_Stadium,E,Peverel_Services_Ltd
Millennium_Stadium,SE,Cardiff_House_Clearance
Millennium_Stadium,W,Jubilee_Park
Millennium_Stadium,SE,Pure_Gym
Millennium_Stadium,E,Tracing_Direct_Ltd
Millennium_Stadium,N,Castle_Ka
Millennium_Stadium,E,Pipelines
Millennium_Stadium,SE,Vue_Cinemas
Millennium_Stadium,E,Bute_Terrace
Millennium_Stadium,SE,Sewage_Pumping_Station
Millennium_Stadium,SE,Ben_&_Jerrys
Millennium_Stadium,SE,Lagoons_&_Wetlands_Nature_Reserve
Millennium_Stadium,W,Ladbrokes_Plc
Millennium_Stadium,W,R_A_S
Millennium_Stadium,SW,Bus_Depot
Millennium_Stadium,SE,Play_Ground
Motorpoint_Arena_Cardiff,SW,Altolusso
Motorpoint_Arena_Cardiff,N,Capitol_Centre
Motorpoint_Arena_Cardiff,N,Helmont_House
Motorpoint_Arena_Cardiff,N,Driving_Test_Centre-Cardiff
Motorpoint_Arena_Cardiff,N,Everyday_Loans_Ltd
Motorpoint_Arena_Cardiff,E,Adam_Street
Motorpoint_Arena_Cardiff,N,Little_Tiger
Motorpoint_Arena_Cardiff,N,Terrence_Higgins_Trust
Motorpoint_Arena_Cardiff,SW,Signal_Light
Motorpoint_Arena_Cardiff,NE,Pipelines
Motorpoint_Arena_Cardiff,N,Hair_Essentials_Ltd
Mynydd_William_Meyrick,NE,Aberaman_railway_station
Mynydd_William_Meyrick,NE,Aberdare_Low_Level_railway_station
Mynydd_William_Meyrick,NE,Aberdare_railway_station
Mynydd_William_Meyrick,E,Clydach_Vale
Mynydd_William_Meyrick,E,Dinas_Rhondda_railway_station
Mynydd_William_Meyrick,NE,Athletic_Ground_Aberdare
Mynydd_William_Meyrick,N,Lluest-wen_Reservoir
National_Museum_Cardiff,S,Hilton_Cardiff
National_Museum_Cardiff,SW,Kingsway
National_Museum_Cardiff,S,Statue
National_Museum_Cardiff,SW,Drinking_Fountain
National_Museum_Cardiff,SE,Statue-1
National_Museum_Cardiff,SW,Water
National_Museum_Cardiff,SE,Thompsons_Solicitors_LLP
New_Theatre_Cardiff,SE,Capitol_Centre
New_Theatre_Cardiff,SW,Cardiff_town_walls
New_Theatre_Cardiff,W,Hilton_Cardiff
New_Theatre_Cardiff,E,Holland_House_Cardiff
New_Theatre_Cardiff,NW,National_Museum_Cardiff
New_Theatre_Cardiff,SE,Cardiff_Queen_Street_railway_station
New_Theatre_Cardiff,S,Castle_Quarter
New_Theatre_Cardiff,NW,Cathays_railway_station
New_Theatre_Cardiff,E,Public_Telephone
New_Theatre_Cardiff,SE,Driving_Test_Centre-Cardiff
New_Theatre_Cardiff,SE,Subway
New_Theatre_Cardiff,NW,Statue
New_Theatre_Cardiff,SE,Henrys_Cafe_Bar
New_Theatre_Cardiff,SE,Everyday_Loans_Ltd
New_Theatre_Cardiff,SE,Vitality_Gym_&_Health_Club
New_Theatre_Cardiff,SE,Little_Tiger
New_Theatre_Cardiff,SE,Terrence_Higgins_Trust
New_Theatre_Cardiff,E,Cardiff_Alcohol_&_Drugs_Team
New_Theatre_Cardiff,NW,Statue-1
New_Theatre_Cardiff,SE,Hair_Essentials_Ltd
New_Theatre_Cardiff,SW,The_Works
New_Theatre_Cardiff,E,Community_Addictions_Unit
Pierhead_Building,W,Mermaid_Quay
Pierhead_Building,SE,Lock
Pierhead_Building,SW,Mermaid_Quay_Waterbus
Pierhead_Building,NE,Scott_Harbour
Pierhead_Building,NE,Haul-4_U
Pierhead_Building,S,Flagstaff
Pierhead_Building,E,Y_Senedd
Pierhead_Building,NE,B_B_C_Political_Group
Pierhead_Building,NE,Welsh_Liberal_Democrats
Pierhead_Building,SW,Cadwaladers_Ice_Cream
RAF_Pengam_Moors,W,Childrens_Hospital_for_Wales
RAF_Pengam_Moors,W,Helmont_House
RAF_Pengam_Moors,NW,Llanishen_Reservoir
RAF_Pengam_Moors,SW,Pierhead_Building
RAF_Pengam_Moors,W,Ty_Pont_Haearn
RAF_Pengam_Moors,SW,Wales_Millennium_Centre
RAF_Pengam_Moors,SW,Cardiff_Bay_Barrage
RAF_Pengam_Moors,W,Cardiff_Central_railway_station
RAF_Pengam_Moors,W,Cardiff_Queen_Street_railway_station
RAF_Pengam_Moors,NW,Cefn_Onn_Halt_railway_station
RAF_Pengam_Moors,SW,Alberta_Place_Halt_railway_station
RAF_Pengam_Moors,W,Public_Telephone
RAF_Pengam_Moors,SW,Lock
RAF_Pengam_Moors,W,Ing_Direct
RAF_Pengam_Moors,N,Pontyprennau_Pharmacy
RAF_Pengam_Moors,SW,Hollywood_Bowl
RAF_Pengam_Moors,W,Back_on_the_Move
RAF_Pengam_Moors,SW,Lloyd_George_Avenue
RAF_Pengam_Moors,W,Subway
RAF_Pengam_Moors,SW,Grosvenor_Casinos
RAF_Pengam_Moors,NW,Hackerford_Rd
RAF_Pengam_Moors,NW,Celyn_Avenue
RAF_Pengam_Moors,SW,Cash_Machine-TRM_Corporation
RAF_Pengam_Moors,W,Adam_Street
RAF_Pengam_Moors,W,Cash_Machine-Bank_Machine_Limited
RAF_Pengam_Moors,N,Sundial
RAF_Pengam_Moors,W,Tommys_Bar_Uwic
RAF_Pengam_Moors,NW,St_Isan
RAF_Pengam_Moors,N,Health_Visitors_Office
RAF_Pengam_Moors,SW,Scott_Harbour
RAF_Pengam_Moors,W,Signal_Light
RAF_Pengam_Moors,W,System_Street_MOT_Station
RAF_Pengam_Moors,SW,Haul-4_U
RAF_Pengam_Moors,SW,Flagstaff
RAF_Pengam_Moors,SW,Recreation_Ground
RAF_Pengam_Moors,S,Lighting_Tower
RAF_Pengam_Moors,N,R_M_Guy_Gas_Services_Ltd
RAF_Pengam_Moors,W,Pipelines
RAF_Pengam_Moors,NW,Howard_J_Weare_&_Co
RAF_Pengam_Moors,SW,Interior_Design_&_C-A-D_Workshops
RAF_Pengam_Moors,N,Community_Centre
RAF_Pengam_Moors,W,Multiple_Sclerosis_Society
RAF_Pengam_Moors,SW,Fountain
RAF_Pengam_Moors,N,Subway-1
RAF_Pengam_Moors,SW,Bar
RAF_Pengam_Moors,SW,Y_Senedd
RAF_Pengam_Moors,NE,Display_One_Ltd
RAF_Pengam_Moors,E,Gypsy_Caravan_Site
RAF_Pengam_Moors,W,Thompsons_Solicitors_LLP
RAF_Pengam_Moors,W,Community_Addictions_Unit
RAF_Pengam_Moors,SW,B_B_C_Political_Group
RAF_Pengam_Moors,SW,Craft_in_the_Bay
RAF_Pengam_Moors,SW,Makers_Guild_in_Wales_Craft_in_the_Bay
RAF_Pengam_Moors,N,Four_Elms_Medical_Centres
RAF_Pengam_Moors,SW,Welsh_Liberal_Democrats
RAF_Pengam_Moors,N,Pelcare_Ltd
RAF_Pengam_Moors,SW,The_Makers_Guild
RAF_Pengam_Moors,NE,Pump
RAF_Pengam_Moors,NW,Three_Arches_Ave
RAF_Pengam_Moors,NW,Miranda_Parsons
RAF_Pengam_Moors,SW,Play_Ground
RAF_Pengam_Moors,SW,Depot
Ruperra_Castle,SW,Llanishen_Reservoir
Ruperra_Castle,S,RAF_Pengam_Moors
Ruperra_Castle,SW,Birchgrove_railway_station
Ruperra_Castle,SW,Cathays_railway_station
Ruperra_Castle,SW,Cefn_Onn_Halt_railway_station
Ruperra_Castle,W,Abertridwr_railway_station
Ruperra_Castle,W,Caerphilly_railway_station
Ruperra_Castle,N,Crosskeys_railway_station
Ruperra_Castle,W,Caerphilly_Castle
Ruperra_Castle,E,Allt-yr-yn
Ruperra_Castle,S,Pontyprennau_Pharmacy
Ruperra_Castle,SW,Fort_Castle_Field
Ruperra_Castle,SW,Llys_Enfys
Ruperra_Castle,SW,Hackerford_Rd
Ruperra_Castle,SW,Celyn_Avenue
Ruperra_Castle,SW,Ty_Maeth
Ruperra_Castle,S,Sundial
Ruperra_Castle,SW,St_Isan
Ruperra_Castle,S,Health_Visitors_Office
Ruperra_Castle,SW,Allotment_Gardens
Ruperra_Castle,SW,Royal_College_of_Nursing
Ruperra_Castle,SW,Monmouth_House
Ruperra_Castle,S,R_M_Guy_Gas_Services_Ltd
Ruperra_Castle,SW,Howard_J_Weare_&_Co
Ruperra_Castle,SW,Boiler_Plant_Maintenance_Glamorgan_Ltd
Ruperra_Castle,S,Community_Centre
Ruperra_Castle,S,Subway-1
Ruperra_Castle,S,Display_One_Ltd
Ruperra_Castle,S,Gypsy_Caravan_Site
Ruperra_Castle,SW,Royal_College_of_Nursing-Welsh_Board
Ruperra_Castle,S,Four_Elms_Medical_Centres
Ruperra_Castle,S,Pelcare_Ltd
Ruperra_Castle,SE,Pump
Ruperra_Castle,SW,Miranda_Parsons
Sardis_Road,S,Beddau_Halt_railway_station
Sardis_Road,SE,Church_Village
Sardis_Road,SE,Church_Village_Halt_railway_station
Sardis_Road,NE,Cilfynydd
Sardis_Road,W,Clydach_Vale
Sardis_Road,SW,Coed-Ely
Sardis_Road,SW,Coed_Ely_railway_station
Sardis_Road,S,Cross_Inn_railway_station
Sardis_Road,W,Dinas_Rhondda_railway_station
Sardis_Road,SE,Efail_Isaf_railway_station
Sardis_Road,E,Cefn_Eglwysilan
Sardis_Road,E,Abertridwr_railway_station
St_Davids_Cardiff,NE,Capitol_Centre
St_Davids_Cardiff,SW,Cardiff_Story
St_Davids_Cardiff,NW,Cardiff_town_walls
St_Davids_Cardiff,NW,Hilton_Cardiff
St_Davids_Cardiff,N,New_Theatre_Cardiff
St_Davids_Cardiff,E,Driving_Test_Centre-Cardiff
St_Davids_Cardiff,N,Henrys_Cafe_Bar
St_Davids_Cardiff,E,Everyday_Loans_Ltd
St_Davids_Cardiff,N,Vitality_Gym_&_Health_Club
St_Davids_Cardiff,E,Little_Tiger
St_Davids_Cardiff,E,Terrence_Higgins_Trust
St_Davids_Cardiff,W,Castle_Ka
St_Davids_Cardiff,N,Statue-1
St_Davids_Cardiff,NE,Hair_Essentials_Ltd
St_Davids_Cardiff,NW,The_Works
St_Davids_Hotel_&_Spa,SW,Bayscape
St_Davids_Hotel_&_Spa,SW,Cardiff_International_Pool
St_Davids_Hotel_&_Spa,NE,Mermaid_Quay
St_Davids_Hotel_&_Spa,NE,Pierhead_Building
St_Davids_Hotel_&_Spa,E,Lock
St_Davids_Hotel_&_Spa,NW,Business_Centre
St_Davids_Hotel_&_Spa,SW,Watkiss_Way-1
St_Davids_Hotel_&_Spa,N,Road_Tunnel
St_Davids_Hotel_&_Spa,NE,Mermaid_Quay_Waterbus
St_Davids_Hotel_&_Spa,W,Taxi_Vans_Cardiff
St_Davids_Hotel_&_Spa,SW,Weighbridge
St_Davids_Hotel_&_Spa,W,Cardiff_House_Clearance
St_Davids_Hotel_&_Spa,SW,Wharf-Disused
St_Davids_Hotel_&_Spa,S,Fish_Ladder
St_Davids_Hotel_&_Spa,N,Cadwyn_Capital_LLP
St_Davids_Hotel_&_Spa,SW,Appletree_Nursery
St_Davids_Hotel_&_Spa,SW,Cardiff_Yacht_Club
St_Davids_Hotel_&_Spa,SW,Frankie_&_Bennys
St_Davids_Hotel_&_Spa,SW,B_T_Data_Centre_Cardiff_Bay
St_Davids_Hotel_&_Spa,E,Flagstaff
St_Davids_Hotel_&_Spa,N,Bishop_&_Olden_Solicitors
St_Davids_Hotel_&_Spa,SW,Cardiff_Ice_Rink
St_Davids_Hotel_&_Spa,NW,Sewage_Pumping_Station
St_Davids_Hotel_&_Spa,N,Travelling_Crane
St_Davids_Hotel_&_Spa,NE,Y_Senedd
St_Davids_Hotel_&_Spa,SW,Planet_Ice_Cardiff_Arena
St_Davids_Hotel_&_Spa,SW,Cardiff_Bay_Yacht_Club
St_Davids_Hotel_&_Spa,N,Adelaide_Street
St_Davids_Hotel_&_Spa,N,Institute_of_Welsh_Affairs
St_Davids_Hotel_&_Spa,W,Lagoons_&_Wetlands_Nature_Reserve
St_Davids_Hotel_&_Spa,N,Graving_Dock_No-3
St_Davids_Hotel_&_Spa,SW,Watkiss_Way-2
St_Davids_Hotel_&_Spa,S,Play_Ground
St_Davids_Hotel_&_Spa,SW,Gantry
St_Davids_Hotel_&_Spa,NE,Cadwaladers_Ice_Cream
St_Fagans_Castle,E,Cardiff_International_Sports_Stadium
St_Fagans_Castle,E,St_Mary_of_the_Angels_R_C_Church_Canton
St_Fagans_Castle,NE,University_Hospital_of_Wales
St_Fagans_Castle,NE,Whitchurch_Hospital
St_Fagans_Castle,E,Cash_Machine-Royal_Bank_of_Scotland
St_Fagans_Castle,N,Hafal
St_Fagans_Castle,SE,Culver_Financial_Management
St_Fagans_Castle,E,Other_Roads_Films
St_Fagans_Castle,NE,Tank
St_Fagans_Castle,NE,Let_Wise
St_Fagans_Castle,E,Hadfield_Road
St_Fagans_Castle,E,Canton_Rugby_&_Athletic_Club
St_Fagans_Castle,E,Tesco
St_Fagans_Castle,NE,Institute_of_Cancer_&_Genetics
St_Fagans_Castle,SE,Wildwood_Ecology_Ltd
St_Fagans_Castle,N,Agri_Sgj_Ltd
St_Fagans_Castle,E,Jubilee_Park
St_Fagans_Castle,NE,Reservoir_Covered
St_Fagans_Castle,NW,Plymouth_Earl_of_Estates_Ltd
St_Fagans_Castle,SW,Sluice
St_Fagans_Castle,NE,Slot_Cars_Wales_Ltd
St_Fagans_Castle,N,Greenwood_Lane
St_Fagans_Castle,E,Filter_Beds
St_Fagans_Castle,NE,Cancer_Research_UK
St_Fagans_Castle,NE,Celtic_Road
St_Fagans_Castle,NE,Cancer_Research_Wales_Library_Within_Velindre_Hospital
St_Fagans_Castle,NE,Octopus_Creative_Design
St_Fagans_Castle,NE,William_Hill
St_Fagans_Castle,NE,C_G_Rees_Supply_Ltd
St_Fagans_Castle,NE,Denison
St_Fagans_Castle,E,Boiler_Plant_Maintenance_Glamorgan_Ltd
St_Fagans_Castle,E,Playin_Field
St_Fagans_Castle,SW,Tennis_Courts
St_Fagans_Castle,SE,Culver_Holdings_Plc
St_Fagans_Castle,NE,Schools_Into_Europe
St_Fagans_Castle,E,Maplin_Electronics
St_Fagans_Castle,N,Plymouth_Arms
St_Fagans_Castle,NE,Nature_Reserve
St_Fagans_Castle,NE,King_Georges_Field_Playing_Fields
St_Fagans_Castle,E,Tuck_in_Grill_House
St_Fagans_National_History_Museum,E,St_Fagans_Castle
St_Fagans_National_History_Museum,N,Electricity_Sub_Station
St_Fagans_National_History_Museum,N,Chris_Leach_&_Associates_Ltd
St_Fagans_National_History_Museum,E,Hafal
St_Fagans_National_History_Museum,N,Garth_Olwg
St_Fagans_National_History_Museum,N,Pylon
St_Fagans_National_History_Museum,W,Water_Wheel
St_Fagans_National_History_Museum,NW,Hill_Cottage
St_Fagans_National_History_Museum,N,Devine_Wines_Ltd
St_Fagans_National_History_Museum,NE,Agri_Sgj_Ltd
St_Fagans_National_History_Museum,N,Plymouth_Earl_of_Estates_Ltd
St_Fagans_National_History_Museum,S,Sluice
St_Fagans_National_History_Museum,E,Greenwood_Lane
St_Fagans_National_History_Museum,N,Ashvale_Contractors_Ltd
St_Fagans_National_History_Museum,NW,Refuse_Tip-Disused
St_Fagans_National_History_Museum,N,Tumulus
St_Fagans_National_History_Museum,N,Foot_Bridge
St_Fagans_National_History_Museum,N,Ynys_Bridge
St_Fagans_National_History_Museum,S,Tennis_Courts
St_Fagans_National_History_Museum,E,Plymouth_Arms
St_Fagans_National_History_Museum,N,Quarry_Disused
St_Fagans_National_History_Museum,NW,Tynycoed_Farm_Independant_Hospital
St_Mary_of_the_Angels_R_C_Church_Canton,E,Cardiff_Arms_Park
St_Mary_of_the_Angels_R_C_Church_Canton,SW,Cardiff_Athletics_Stadium
St_Mary_of_the_Angels_R_C_Church_Canton,SW,Cardiff_City_Stadium
St_Mary_of_the_Angels_R_C_Church_Canton,SW,Cardiff_International_Sports_Stadium
St_Mary_of_the_Angels_R_C_Church_Canton,E,Firing_Line_Cardiff_Castle_Museum_of_the_Welsh_Soldier
St_Mary_of_the_Angels_R_C_Church_Canton,E,Hilton_Cardiff
St_Mary_of_the_Angels_R_C_Church_Canton,SE,Millennium_Stadium
St_Mary_of_the_Angels_R_C_Church_Canton,E,National_Museum_Cardiff
St_Mary_of_the_Angels_R_C_Church_Canton,NW,Whitchurch_Hospital
St_Mary_of_the_Angels_R_C_Church_Canton,N,Birchgrove_railway_station
St_Mary_of_the_Angels_R_C_Church_Canton,N,NatWest
St_Mary_of_the_Angels_R_C_Church_Canton,E,National_Car_Parks_Plc
St_Mary_of_the_Angels_R_C_Church_Canton,SW,Cash_Machine-Royal_Bank_of_Scotland
St_Mary_of_the_Angels_R_C_Church_Canton,SE,Rugby_Football_Ground
St_Mary_of_the_Angels_R_C_Church_Canton,N,Hayes_Flooring
St_Mary_of_the_Angels_R_C_Church_Canton,NE,Other_Roads_Films
St_Mary_of_the_Angels_R_C_Church_Canton,NW,Tank
St_Mary_of_the_Angels_R_C_Church_Canton,SW,Hadfield_Road
St_Mary_of_the_Angels_R_C_Church_Canton,E,Kingsway
St_Mary_of_the_Angels_R_C_Church_Canton,SW,Canton_Rugby_&_Athletic_Club
St_Mary_of_the_Angels_R_C_Church_Canton,SW,Tesco
St_Mary_of_the_Angels_R_C_Church_Canton,E,Statue
St_Mary_of_the_Angels_R_C_Church_Canton,NW,Institute_of_Cancer_&_Genetics
St_Mary_of_the_Angels_R_C_Church_Canton,SW,Jubilee_Park
St_Mary_of_the_Angels_R_C_Church_Canton,NW,Slot_Cars_Wales_Ltd
St_Mary_of_the_Angels_R_C_Church_Canton,NW,Cancer_Research_UK
St_Mary_of_the_Angels_R_C_Church_Canton,E,Drinking_Fountain
St_Mary_of_the_Angels_R_C_Church_Canton,E,Castle_Ka
St_Mary_of_the_Angels_R_C_Church_Canton,N,Celtic_Road
St_Mary_of_the_Angels_R_C_Church_Canton,N,Geoff_Flynn
St_Mary_of_the_Angels_R_C_Church_Canton,NW,Cancer_Research_Wales_Library_Within_Velindre_Hospital
St_Mary_of_the_Angels_R_C_Church_Canton,NW,Octopus_Creative_Design
St_Mary_of_the_Angels_R_C_Church_Canton,N,C_G_Rees_Supply_Ltd
St_Mary_of_the_Angels_R_C_Church_Canton,NW,Boiler_Plant_Maintenance_Glamorgan_Ltd
St_Mary_of_the_Angels_R_C_Church_Canton,E,Statue-1
St_Mary_of_the_Angels_R_C_Church_Canton,SW,Playin_Field
St_Mary_of_the_Angels_R_C_Church_Canton,N,Hall_Bookkeeping
St_Mary_of_the_Angels_R_C_Church_Canton,SW,K-F-C_Ltd
St_Mary_of_the_Angels_R_C_Church_Canton,E,Water
St_Mary_of_the_Angels_R_C_Church_Canton,SW,Ladbrokes_Plc
St_Mary_of_the_Angels_R_C_Church_Canton,SW,R_A_S
St_Mary_of_the_Angels_R_C_Church_Canton,SW,McDonalds_Restaurant
St_Mary_of_the_Angels_R_C_Church_Canton,S,Bus_Depot
St_Mary_of_the_Angels_R_C_Church_Canton,SW,Tuck_in_Grill_House
Techniquest,NW,Cardiff_Athletics_Stadium
Techniquest,NW,Cardiff_City_Stadium
Techniquest,E,Mermaid_Quay
Techniquest,S,St_Davids_Hotel_&_Spa
Techniquest,N,Ing_Direct
Techniquest,W,Business_Centre
Techniquest,NE,Hollywood_Bowl
Techniquest,NE,Road_Tunnel
Techniquest,E,Mermaid_Quay_Waterbus
Techniquest,SW,Taxi_Vans_Cardiff
Techniquest,NE,Grosvenor_Casinos
Techniquest,SW,Cardiff_House_Clearance
Techniquest,NW,Jubilee_Park
Techniquest,NE,Cash_Machine-TRM_Corporation
Techniquest,N,Stephen_Doughty_MP-Cardiff_South_&_Penarth
Techniquest,S,Cadwyn_Capital_LLP
Techniquest,N,Recreation_Ground
Techniquest,NW,Bishop_&_Olden_Solicitors
Techniquest,W,Sewage_Pumping_Station
Techniquest,S,Travelling_Crane
Techniquest,NW,K-F-C_Ltd
Techniquest,NE,Fountain
Techniquest,NE,Bar
Techniquest,S,Cardiff_Bay_Yacht_Club
Techniquest,NW,Adelaide_Street
Techniquest,NW,Institute_of_Welsh_Affairs
Techniquest,NE,Craft_in_the_Bay
Techniquest,SW,Lagoons_&_Wetlands_Nature_Reserve
Techniquest,NE,Makers_Guild_in_Wales_Craft_in_the_Bay
Techniquest,NW,McDonalds_Restaurant
Techniquest,NE,The_Makers_Guild
Techniquest,NW,Bus_Depot
Techniquest,S,Graving_Dock_No-3
Techniquest,E,Cadwaladers_Ice_Cream
Ty_Pont_Haearn,W,Altolusso
Ty_Pont_Haearn,N,Holland_House_Cardiff
Ty_Pont_Haearn,W,Meridian_Gate_Cardiff
Ty_Pont_Haearn,W,Motorpoint_Arena_Cardiff
Ty_Pont_Haearn,S,Wales_Millennium_Centre
Ty_Pont_Haearn,N,Cardiff_Queen_Street_railway_station
Ty_Pont_Haearn,S,Hollywood_Bowl
Ty_Pont_Haearn,NE,Back_on_the_Move
Ty_Pont_Haearn,S,Lloyd_George_Avenue
Ty_Pont_Haearn,S,Grosvenor_Casinos
Ty_Pont_Haearn,S,Cash_Machine-TRM_Corporation
Ty_Pont_Haearn,NE,Adam_Street
Ty_Pont_Haearn,NE,Sundial
Ty_Pont_Haearn,NE,Health_Visitors_Office
Ty_Pont_Haearn,SE,Scott_Harbour
Ty_Pont_Haearn,SE,Haul-4_U
Ty_Pont_Haearn,NW,Pipelines
Ty_Pont_Haearn,SE,Interior_Design_&_C-A-D_Workshops
Ty_Pont_Haearn,NE,Multiple_Sclerosis_Society
Ty_Pont_Haearn,S,Fountain
Ty_Pont_Haearn,S,Bar
Ty_Pont_Haearn,S,Y_Senedd
Ty_Pont_Haearn,N,Thompsons_Solicitors_LLP
Ty_Pont_Haearn,S,B_B_C_Political_Group
Ty_Pont_Haearn,S,Craft_in_the_Bay
Ty_Pont_Haearn,S,Makers_Guild_in_Wales_Craft_in_the_Bay
Ty_Pont_Haearn,NE,Four_Elms_Medical_Centres
Ty_Pont_Haearn,S,Welsh_Liberal_Democrats
Ty_Pont_Haearn,S,The_Makers_Guild
University_Hospital_of_Wales,S,Cardiff_Athletics_Stadium
University_Hospital_of_Wales,S,Cardiff_City_Stadium
University_Hospital_of_Wales,S,Cardiff_International_Sports_Stadium
University_Hospital_of_Wales,SE,Childrens_Hospital_for_Wales
University_Hospital_of_Wales,NE,Llanishen_Reservoir
University_Hospital_of_Wales,S,New_Theatre_Cardiff
University_Hospital_of_Wales,SE,RAF_Pengam_Moors
University_Hospital_of_Wales,S,St_Mary_of_the_Angels_R_C_Church_Canton
University_Hospital_of_Wales,W,Danescourt_railway_station
University_Hospital_of_Wales,NW,NatWest
University_Hospital_of_Wales,SE,Public_Telephone
University_Hospital_of_Wales,S,Cash_Machine-Royal_Bank_of_Scotland
University_Hospital_of_Wales,NE,Pontyprennau_Pharmacy
University_Hospital_of_Wales,NW,Hayes_Flooring
University_Hospital_of_Wales,S,Other_Roads_Films
University_Hospital_of_Wales,NW,Let_Wise
University_Hospital_of_Wales,N,Llys_Enfys
University_Hospital_of_Wales,S,Canton_Rugby_&_Athletic_Club
University_Hospital_of_Wales,S,Tesco
University_Hospital_of_Wales,NE,Hackerford_Rd
University_Hospital_of_Wales,S,Henrys_Cafe_Bar
University_Hospital_of_Wales,NE,Celyn_Avenue
University_Hospital_of_Wales,S,Jubilee_Park
University_Hospital_of_Wales,NW,Ion_Graphic
University_Hospital_of_Wales,S,Vitality_Gym_&_Health_Club
University_Hospital_of_Wales,N,Budd_Electrical_Spares_Department
University_Hospital_of_Wales,SE,Ty_Maeth
University_Hospital_of_Wales,SE,Sundial
University_Hospital_of_Wales,N,St_Isan
University_Hospital_of_Wales,SE,Health_Visitors_Office
University_Hospital_of_Wales,SE,Allotment_Gardens
University_Hospital_of_Wales,SE,Royal_College_of_Nursing
University_Hospital_of_Wales,S,Drinking_Fountain
University_Hospital_of_Wales,W,Celtic_Road
University_Hospital_of_Wales,W,Geoff_Flynn
University_Hospital_of_Wales,E,Monmouth_House
University_Hospital_of_Wales,W,Octopus_Creative_Design
University_Hospital_of_Wales,SE,Lighting_Tower
University_Hospital_of_Wales,NE,R_M_Guy_Gas_Services_Ltd
University_Hospital_of_Wales,NW,William_Hill
University_Hospital_of_Wales,W,C_G_Rees_Supply_Ltd
University_Hospital_of_Wales,S,Boiler_Plant_Maintenance_Glamorgan_Ltd
University_Hospital_of_Wales,S,Hair_Essentials_Ltd
University_Hospital_of_Wales,NW,Hall_Bookkeeping
University_Hospital_of_Wales,NE,Community_Centre
University_Hospital_of_Wales,S,K-F-C_Ltd
University_Hospital_of_Wales,SE,Multiple_Sclerosis_Society
University_Hospital_of_Wales,NE,Subway-1
University_Hospital_of_Wales,SE,Gypsy_Caravan_Site
University_Hospital_of_Wales,S,Maplin_Electronics
University_Hospital_of_Wales,SE,Community_Addictions_Unit
University_Hospital_of_Wales,S,Ladbrokes_Plc
University_Hospital_of_Wales,S,R_A_S
University_Hospital_of_Wales,S,McDonalds_Restaurant
University_Hospital_of_Wales,SE,Royal_College_of_Nursing-Welsh_Board
University_Hospital_of_Wales,SE,Four_Elms_Medical_Centres
University_Hospital_of_Wales,NE,Pelcare_Ltd
University_Hospital_of_Wales,N,King_Georges_Field_Playing_Fields
University_Hospital_of_Wales,S,Tuck_in_Grill_House
University_Hospital_of_Wales,NE,Three_Arches_Ave
University_Hospital_of_Wales,NE,Miranda_Parsons
Wales_Millennium_Centre,NW,Altolusso
Wales_Millennium_Centre,SW,Mermaid_Quay
Wales_Millennium_Centre,S,Pierhead_Building
Wales_Millennium_Centre,SW,Techniquest
Wales_Millennium_Centre,S,Lock
Wales_Millennium_Centre,N,Hollywood_Bowl
Wales_Millennium_Centre,NW,Lloyd_George_Avenue
Wales_Millennium_Centre,SW,Road_Tunnel
Wales_Millennium_Centre,NW,Mosaica_Medi__&_Marketing
Wales_Millennium_Centre,N,Grosvenor_Casinos
Wales_Millennium_Centre,NW,Peverel_Services_Ltd
Wales_Millennium_Centre,N,Cash_Machine-TRM_Corporation
Wales_Millennium_Centre,W,Stephen_Doughty_MP-Cardiff_South_&_Penarth
Wales_Millennium_Centre,E,Scott_Harbour
Wales_Millennium_Centre,NW,Signal_Light
Wales_Millennium_Centre,NW,Tracing_Direct_Ltd
Wales_Millennium_Centre,E,Haul-4_U
Wales_Millennium_Centre,NW,Recreation_Ground
Wales_Millennium_Centre,W,Bishop_&_Olden_Solicitors
Wales_Millennium_Centre,NE,Lighting_Tower
Wales_Millennium_Centre,NE,Interior_Design_&_C-A-D_Workshops
Wales_Millennium_Centre,NW,Bute_Terrace
Wales_Millennium_Centre,NW,Fountain
Wales_Millennium_Centre,N,Bar
Wales_Millennium_Centre,SE,Y_Senedd
Wales_Millennium_Centre,NE,Gypsy_Caravan_Site
Wales_Millennium_Centre,W,Institute_of_Welsh_Affairs
Wales_Millennium_Centre,SE,B_B_C_Political_Group
Wales_Millennium_Centre,NW,Craft_in_the_Bay
Wales_Millennium_Centre,NW,Makers_Guild_in_Wales_Craft_in_the_Bay
Wales_Millennium_Centre,SE,Welsh_Liberal_Democrats
Wales_Millennium_Centre,NW,The_Makers_Guild
Whitchurch_Hospital,NW,Castell_Coch
Whitchurch_Hospital,E,University_Hospital_of_Wales
Whitchurch_Hospital,E,NatWest
Whitchurch_Hospital,NW,Electricity_Sub_Station
Whitchurch_Hospital,E,Hayes_Flooring
Whitchurch_Hospital,NW,Pylon
Whitchurch_Hospital,W,Tank
Whitchurch_Hospital,E,Let_Wise
Whitchurch_Hospital,NW,H_T_Fox_Roofing_&_Leadwork
Whitchurch_Hospital,E,Llys_Enfys
Whitchurch_Hospital,E,Institute_of_Cancer_&_Genetics
Whitchurch_Hospital,E,Ion_Graphic
Whitchurch_Hospital,N,Reservoir_Covered
Whitchurch_Hospital,SW,Plymouth_Earl_of_Estates_Ltd
Whitchurch_Hospital,SW,Slot_Cars_Wales_Ltd
Whitchurch_Hospital,NW,Ashvale_Contractors_Ltd
Whitchurch_Hospital,E,Cancer_Research_UK
Whitchurch_Hospital,SE,Celtic_Road
Whitchurch_Hospital,SE,Geoff_Flynn
Whitchurch_Hospital,E,Cancer_Research_Wales_Library_Within_Velindre_Hospital
Whitchurch_Hospital,S,Octopus_Creative_Design
Whitchurch_Hospital,N,William_Hill
Whitchurch_Hospital,SE,C_G_Rees_Supply_Ltd
Whitchurch_Hospital,N,Denison
Whitchurch_Hospital,S,Playin_Field
Whitchurch_Hospital,E,Hall_Bookkeeping
Whitchurch_Hospital,NW,Foot_Bridge
Whitchurch_Hospital,NW,S-G_Recruitment_Services
Whitchurch_Hospital,N,Schools_Into_Europe
Whitchurch_Hospital,NW,Nature_Reserve
Whitchurch_Hospital,E,King_Georges_Field_Playing_Fields
